algorithm,cls_name,leaf_size,log_time,metric,metric_params,n_jobs,n_neighbors,p,test_accuracy,test_shape,time_test_test,time_test_train,time_training,train_accuracy,train_shape,weights
auto,KNeighborsClassifier,30,2018-01-21 14:55:57,minkowski,,1,1,2,50.0,"(10, 784)",0.0013418197631835938,0.010129690170288086,0.006973743438720703,100.0,"(90, 784)",uniform
auto,KNeighborsClassifier,30,2018-01-21 14:55:57,minkowski,,1,2,2,70.0,"(10, 784)",0.0014481544494628906,0.011740922927856445,0.0005016326904296875,78.8888888889,"(90, 784)",uniform
auto,KNeighborsClassifier,30,2018-01-21 14:55:57,minkowski,,1,3,2,60.0,"(10, 784)",0.001462697982788086,0.009303808212280273,0.0004870891571044922,76.6666666667,"(90, 784)",uniform
auto,KNeighborsClassifier,30,2018-01-21 14:55:57,minkowski,,1,4,2,60.0,"(10, 784)",0.003091096878051758,0.013323783874511719,0.0004553794860839844,74.4444444444,"(90, 784)",uniform
auto,KNeighborsClassifier,30,2018-01-21 14:55:57,minkowski,,1,5,2,60.0,"(10, 784)",0.0013854503631591797,0.009684324264526367,0.0005750656127929688,71.1111111111,"(90, 784)",uniform
auto,KNeighborsClassifier,30,2018-01-21 14:55:57,minkowski,,1,6,2,60.0,"(10, 784)",0.001455068588256836,0.011159896850585938,0.0004673004150390625,67.7777777778,"(90, 784)",uniform
auto,KNeighborsClassifier,30,2018-01-21 14:55:57,minkowski,,1,7,2,40.0,"(10, 784)",0.0014836788177490234,0.011626958847045898,0.0006349086761474609,66.6666666667,"(90, 784)",uniform
auto,KNeighborsClassifier,30,2018-01-21 14:55:58,minkowski,,1,8,2,40.0,"(10, 784)",0.0013327598571777344,0.009414911270141602,0.00048732757568359375,60.0,"(90, 784)",uniform
auto,KNeighborsClassifier,30,2018-01-21 14:55:58,minkowski,,1,9,2,50.0,"(10, 784)",0.0014622211456298828,0.011431455612182617,0.0005202293395996094,63.3333333333,"(90, 784)",uniform
auto,KNeighborsClassifier,30,2018-01-21 14:55:58,minkowski,,1,10,2,50.0,"(10, 784)",0.0013418197631835938,0.009490966796875,0.0005457401275634766,61.1111111111,"(90, 784)",uniform
auto,KNeighborsClassifier,30,2018-01-21 14:55:58,minkowski,,1,11,2,50.0,"(10, 784)",0.002031564712524414,0.00907444953918457,0.0004913806915283203,55.5555555556,"(90, 784)",uniform
auto,KNeighborsClassifier,30,2018-01-21 14:55:58,minkowski,,1,12,2,30.0,"(10, 784)",0.0014891624450683594,0.014122486114501953,0.0012576580047607422,56.6666666667,"(90, 784)",uniform
auto,KNeighborsClassifier,30,2018-01-21 14:55:58,minkowski,,1,13,2,30.0,"(10, 784)",0.014062643051147461,0.010824441909790039,0.0004749298095703125,55.5555555556,"(90, 784)",uniform
auto,KNeighborsClassifier,30,2018-01-21 14:55:58,minkowski,,1,14,2,40.0,"(10, 784)",0.0013759136199951172,0.009358882904052734,0.00047516822814941406,54.4444444444,"(90, 784)",uniform
auto,KNeighborsClassifier,30,2018-01-21 14:55:58,minkowski,,1,15,2,20.0,"(10, 784)",0.0029811859130859375,0.009975910186767578,0.0004773139953613281,47.7777777778,"(90, 784)",uniform
auto,KNeighborsClassifier,30,2018-01-21 14:55:58,minkowski,,1,16,2,20.0,"(10, 784)",0.0014154911041259766,0.009772300720214844,0.0004980564117431641,50.0,"(90, 784)",uniform
auto,KNeighborsClassifier,30,2018-01-21 14:55:58,minkowski,,1,17,2,0.0,"(10, 784)",0.001863718032836914,0.010181665420532227,0.00046753883361816406,47.7777777778,"(90, 784)",uniform
auto,KNeighborsClassifier,30,2018-01-21 14:55:58,minkowski,,1,18,2,0.0,"(10, 784)",0.0023925304412841797,0.017230510711669922,0.000640869140625,46.6666666667,"(90, 784)",uniform
auto,KNeighborsClassifier,30,2018-01-21 14:55:58,minkowski,,1,19,2,0.0,"(10, 784)",0.0017349720001220703,0.014106512069702148,0.003663301467895508,44.4444444444,"(90, 784)",uniform
auto,KNeighborsClassifier,30,2018-01-21 14:55:58,minkowski,,1,20,2,0.0,"(10, 784)",0.0019290447235107422,0.011396646499633789,0.0005276203155517578,43.3333333333,"(90, 784)",uniform
auto,KNeighborsClassifier,30,2018-01-21 14:55:58,minkowski,,1,1,2,50.0,"(10, 784)",0.003233671188354492,0.010467529296875,0.0005240440368652344,100.0,"(90, 784)",distance
auto,KNeighborsClassifier,30,2018-01-21 14:55:58,minkowski,,1,2,2,50.0,"(10, 784)",0.0017228126525878906,0.01076817512512207,0.0007545948028564453,100.0,"(90, 784)",distance
auto,KNeighborsClassifier,30,2018-01-21 14:55:58,minkowski,,1,3,2,60.0,"(10, 784)",0.0031981468200683594,0.01620793342590332,0.0006160736083984375,100.0,"(90, 784)",distance
auto,KNeighborsClassifier,30,2018-01-21 14:55:58,minkowski,,1,4,2,50.0,"(10, 784)",0.004688739776611328,0.011319637298583984,0.000598907470703125,100.0,"(90, 784)",distance
auto,KNeighborsClassifier,30,2018-01-21 14:55:58,minkowski,,1,5,2,50.0,"(10, 784)",0.0017824172973632812,0.013764619827270508,0.0005676746368408203,100.0,"(90, 784)",distance
auto,KNeighborsClassifier,30,2018-01-21 14:55:58,minkowski,,1,6,2,50.0,"(10, 784)",0.0017633438110351562,0.011852741241455078,0.0005447864532470703,100.0,"(90, 784)",distance
auto,KNeighborsClassifier,30,2018-01-21 14:55:58,minkowski,,1,7,2,50.0,"(10, 784)",0.0028421878814697266,0.011684417724609375,0.0005786418914794922,100.0,"(90, 784)",distance
auto,KNeighborsClassifier,30,2018-01-21 14:55:58,minkowski,,1,8,2,40.0,"(10, 784)",0.0015716552734375,0.010648012161254883,0.0005025863647460938,100.0,"(90, 784)",distance
auto,KNeighborsClassifier,30,2018-01-21 14:55:58,minkowski,,1,9,2,50.0,"(10, 784)",0.001787424087524414,0.010216474533081055,0.0005388259887695312,100.0,"(90, 784)",distance
auto,KNeighborsClassifier,30,2018-01-21 14:55:58,minkowski,,1,10,2,50.0,"(10, 784)",0.001519918441772461,0.014328479766845703,0.0014641284942626953,100.0,"(90, 784)",distance
auto,KNeighborsClassifier,30,2018-01-21 14:55:58,minkowski,,1,11,2,50.0,"(10, 784)",0.0016071796417236328,0.012414932250976562,0.0004868507385253906,100.0,"(90, 784)",distance
auto,KNeighborsClassifier,30,2018-01-21 14:55:58,minkowski,,1,12,2,30.0,"(10, 784)",0.0015132427215576172,0.011006593704223633,0.0004961490631103516,100.0,"(90, 784)",distance
auto,KNeighborsClassifier,30,2018-01-21 14:55:58,minkowski,,1,13,2,30.0,"(10, 784)",0.0015125274658203125,0.01067352294921875,0.0007154941558837891,100.0,"(90, 784)",distance
auto,KNeighborsClassifier,30,2018-01-21 14:55:58,minkowski,,1,14,2,40.0,"(10, 784)",0.0016880035400390625,0.012951850891113281,0.0005192756652832031,100.0,"(90, 784)",distance
auto,KNeighborsClassifier,30,2018-01-21 14:55:58,minkowski,,1,15,2,30.0,"(10, 784)",0.0019505023956298828,0.010512113571166992,0.0005154609680175781,100.0,"(90, 784)",distance
auto,KNeighborsClassifier,30,2018-01-21 14:55:58,minkowski,,1,16,2,20.0,"(10, 784)",0.0017168521881103516,0.012067317962646484,0.0006577968597412109,100.0,"(90, 784)",distance
auto,KNeighborsClassifier,30,2018-01-21 14:55:58,minkowski,,1,17,2,10.0,"(10, 784)",0.0015518665313720703,0.01349496841430664,0.0005021095275878906,100.0,"(90, 784)",distance
auto,KNeighborsClassifier,30,2018-01-21 14:55:58,minkowski,,1,18,2,10.0,"(10, 784)",0.0016012191772460938,0.013571977615356445,0.0005872249603271484,100.0,"(90, 784)",distance
auto,KNeighborsClassifier,30,2018-01-21 14:55:58,minkowski,,1,19,2,10.0,"(10, 784)",0.001543283462524414,0.011492490768432617,0.0004901885986328125,100.0,"(90, 784)",distance
auto,KNeighborsClassifier,30,2018-01-21 14:55:58,minkowski,,1,20,2,0.0,"(10, 784)",0.002689838409423828,0.010700225830078125,0.0006227493286132812,100.0,"(90, 784)",distance
auto,KNeighborsClassifier,30,2018-01-21 14:56:06,minkowski,,1,1,2,50.0,"(10, 43)",0.0006005764007568359,0.0011742115020751953,0.0005335807800292969,100.0,"(90, 43)",uniform
auto,KNeighborsClassifier,30,2018-01-21 14:56:06,minkowski,,1,2,2,70.0,"(10, 43)",0.0006089210510253906,0.0012600421905517578,0.0003139972686767578,77.7777777778,"(90, 43)",uniform
auto,KNeighborsClassifier,30,2018-01-21 14:56:06,minkowski,,1,3,2,60.0,"(10, 43)",0.0006079673767089844,0.0012958049774169922,0.0003116130828857422,75.5555555556,"(90, 43)",uniform
auto,KNeighborsClassifier,30,2018-01-21 14:56:06,minkowski,,1,4,2,60.0,"(10, 43)",0.00063323974609375,0.0012903213500976562,0.000308990478515625,74.4444444444,"(90, 43)",uniform
auto,KNeighborsClassifier,30,2018-01-21 14:56:06,minkowski,,1,5,2,60.0,"(10, 43)",0.0006253719329833984,0.0013060569763183594,0.0003097057342529297,71.1111111111,"(90, 43)",uniform
auto,KNeighborsClassifier,30,2018-01-21 14:56:06,minkowski,,1,6,2,60.0,"(10, 43)",0.0006425380706787109,0.0013608932495117188,0.0003116130828857422,72.2222222222,"(90, 43)",uniform
auto,KNeighborsClassifier,30,2018-01-21 14:56:06,minkowski,,1,7,2,50.0,"(10, 43)",0.0006422996520996094,0.0013647079467773438,0.0003094673156738281,68.8888888889,"(90, 43)",uniform
auto,KNeighborsClassifier,30,2018-01-21 14:56:06,minkowski,,1,8,2,50.0,"(10, 43)",0.0006344318389892578,0.0013644695281982422,0.00031495094299316406,62.2222222222,"(90, 43)",uniform
auto,KNeighborsClassifier,30,2018-01-21 14:56:06,minkowski,,1,9,2,50.0,"(10, 43)",0.0006535053253173828,0.001394510269165039,0.0003108978271484375,62.2222222222,"(90, 43)",uniform
auto,KNeighborsClassifier,30,2018-01-21 14:56:06,minkowski,,1,10,2,40.0,"(10, 43)",0.00067138671875,0.001550436019897461,0.0023157596588134766,62.2222222222,"(90, 43)",uniform
auto,KNeighborsClassifier,30,2018-01-21 14:56:06,minkowski,,1,11,2,50.0,"(10, 43)",0.0006642341613769531,0.0014150142669677734,0.0003180503845214844,56.6666666667,"(90, 43)",uniform
auto,KNeighborsClassifier,30,2018-01-21 14:56:06,minkowski,,1,12,2,50.0,"(10, 43)",0.0007457733154296875,0.024929523468017578,0.0003082752227783203,55.5555555556,"(90, 43)",uniform
auto,KNeighborsClassifier,30,2018-01-21 14:56:06,minkowski,,1,13,2,20.0,"(10, 43)",0.0006673336029052734,0.0014619827270507812,0.0003364086151123047,53.3333333333,"(90, 43)",uniform
auto,KNeighborsClassifier,30,2018-01-21 14:56:06,minkowski,,1,14,2,20.0,"(10, 43)",0.001283884048461914,0.004449605941772461,0.00031638145446777344,53.3333333333,"(90, 43)",uniform
auto,KNeighborsClassifier,30,2018-01-21 14:56:06,minkowski,,1,15,2,10.0,"(10, 43)",0.0006835460662841797,0.0014832019805908203,0.0003352165222167969,51.1111111111,"(90, 43)",uniform
auto,KNeighborsClassifier,30,2018-01-21 14:56:06,minkowski,,1,16,2,20.0,"(10, 43)",0.0006833076477050781,0.0014793872833251953,0.0003123283386230469,50.0,"(90, 43)",uniform
auto,KNeighborsClassifier,30,2018-01-21 14:56:06,minkowski,,1,17,2,0.0,"(10, 43)",0.0006902217864990234,0.0015366077423095703,0.0003108978271484375,50.0,"(90, 43)",uniform
auto,KNeighborsClassifier,30,2018-01-21 14:56:06,minkowski,,1,18,2,0.0,"(10, 43)",0.0007276535034179688,0.0014908313751220703,0.0003113746643066406,47.7777777778,"(90, 43)",uniform
auto,KNeighborsClassifier,30,2018-01-21 14:56:06,minkowski,,1,19,2,0.0,"(10, 43)",0.0006883144378662109,0.0015079975128173828,0.0003108978271484375,46.6666666667,"(90, 43)",uniform
auto,KNeighborsClassifier,30,2018-01-21 14:56:06,minkowski,,1,20,2,10.0,"(10, 43)",0.0006935596466064453,0.0015244483947753906,0.00031185150146484375,45.5555555556,"(90, 43)",uniform
auto,KNeighborsClassifier,30,2018-01-21 14:56:06,minkowski,,1,1,2,50.0,"(10, 43)",0.0033714771270751953,0.001066446304321289,0.0003268718719482422,100.0,"(90, 43)",distance
auto,KNeighborsClassifier,30,2018-01-21 14:56:06,minkowski,,1,2,2,50.0,"(10, 43)",0.0004608631134033203,0.0009629726409912109,0.0008473396301269531,100.0,"(90, 43)",distance
auto,KNeighborsClassifier,30,2018-01-21 14:56:06,minkowski,,1,3,2,60.0,"(10, 43)",0.0005557537078857422,0.000946044921875,0.00024771690368652344,100.0,"(90, 43)",distance
auto,KNeighborsClassifier,30,2018-01-21 14:56:06,minkowski,,1,4,2,60.0,"(10, 43)",0.0004897117614746094,0.0009191036224365234,0.00022673606872558594,100.0,"(90, 43)",distance
auto,KNeighborsClassifier,30,2018-01-21 14:56:06,minkowski,,1,5,2,50.0,"(10, 43)",0.00045943260192871094,0.0009386539459228516,0.0002238750457763672,100.0,"(90, 43)",distance
auto,KNeighborsClassifier,30,2018-01-21 14:56:06,minkowski,,1,6,2,50.0,"(10, 43)",0.0004649162292480469,0.0009620189666748047,0.00022411346435546875,100.0,"(90, 43)",distance
auto,KNeighborsClassifier,30,2018-01-21 14:56:06,minkowski,,1,7,2,50.0,"(10, 43)",0.0004673004150390625,0.0009801387786865234,0.0002231597900390625,100.0,"(90, 43)",distance
auto,KNeighborsClassifier,30,2018-01-21 14:56:06,minkowski,,1,8,2,50.0,"(10, 43)",0.0004673004150390625,0.0010919570922851562,0.0002243518829345703,100.0,"(90, 43)",distance
auto,KNeighborsClassifier,30,2018-01-21 14:56:06,minkowski,,1,9,2,50.0,"(10, 43)",0.00048279762268066406,0.0010077953338623047,0.00022292137145996094,100.0,"(90, 43)",distance
auto,KNeighborsClassifier,30,2018-01-21 14:56:06,minkowski,,1,10,2,40.0,"(10, 43)",0.0004820823669433594,0.0010211467742919922,0.00022125244140625,100.0,"(90, 43)",distance
auto,KNeighborsClassifier,30,2018-01-21 14:56:06,minkowski,,1,11,2,50.0,"(10, 43)",0.00048828125,0.0010762214660644531,0.00022339820861816406,100.0,"(90, 43)",distance
auto,KNeighborsClassifier,30,2018-01-21 14:56:06,minkowski,,1,12,2,50.0,"(10, 43)",0.0005333423614501953,0.001054525375366211,0.0002238750457763672,100.0,"(90, 43)",distance
auto,KNeighborsClassifier,30,2018-01-21 14:56:06,minkowski,,1,13,2,30.0,"(10, 43)",0.0004973411560058594,0.0012402534484863281,0.00022530555725097656,100.0,"(90, 43)",distance
auto,KNeighborsClassifier,30,2018-01-21 14:56:06,minkowski,,1,14,2,30.0,"(10, 43)",0.0005931854248046875,0.0011053085327148438,0.00022482872009277344,100.0,"(90, 43)",distance
auto,KNeighborsClassifier,30,2018-01-21 14:56:06,minkowski,,1,15,2,30.0,"(10, 43)",0.0007226467132568359,0.0016207695007324219,0.00029349327087402344,100.0,"(90, 43)",distance
auto,KNeighborsClassifier,30,2018-01-21 14:56:06,minkowski,,1,16,2,30.0,"(10, 43)",0.0005643367767333984,0.0018172264099121094,0.0005528926849365234,100.0,"(90, 43)",distance
auto,KNeighborsClassifier,30,2018-01-21 14:56:06,minkowski,,1,17,2,30.0,"(10, 43)",0.0005185604095458984,0.001131296157836914,0.0002396106719970703,100.0,"(90, 43)",distance
auto,KNeighborsClassifier,30,2018-01-21 14:56:06,minkowski,,1,18,2,30.0,"(10, 43)",0.0005199909210205078,0.0011448860168457031,0.00033283233642578125,100.0,"(90, 43)",distance
auto,KNeighborsClassifier,30,2018-01-21 14:56:06,minkowski,,1,19,2,20.0,"(10, 43)",0.0005147457122802734,0.0011823177337646484,0.0002238750457763672,100.0,"(90, 43)",distance
auto,KNeighborsClassifier,30,2018-01-21 14:56:06,minkowski,,1,20,2,20.0,"(10, 43)",0.0005178451538085938,0.0011510848999023438,0.00022268295288085938,100.0,"(90, 43)",distance
auto,KNeighborsClassifier,30,2018-01-26 11:39:09,minkowski,,1,3,2,71.5555555556,"(9900, 40)",0.0832986831665039,0.0016024112701416016,0.0007672309875488281,100.0,"(100, 40)",distance
auto,KNeighborsClassifier,30,2018-01-26 11:39:09,minkowski,,1,3,2,66.1212121212,"(9900, 40)",0.05388951301574707,0.0014407634735107422,0.0003666877746582031,83.0,"(100, 40)",uniform
auto,KNeighborsClassifier,30,2018-01-26 12:59:43,minkowski,,1,3,2,71.3535353535,"(9900, 40)",0.08230113983154297,0.0016117095947265625,0.0005860328674316406,100.0,"(100, 40)",distance
auto,KNeighborsClassifier,30,2018-01-26 12:59:43,minkowski,,1,3,2,65.8686868687,"(9900, 40)",0.053104400634765625,0.0016376972198486328,0.00036597251892089844,84.0,"(100, 40)",uniform
auto,KNeighborsClassifier,30,2018-01-26 13:00:41,minkowski,,1,3,2,71.303030303,"(9900, 40)",0.08153009414672852,0.0018801689147949219,0.0006153583526611328,100.0,"(100, 40)",distance
auto,KNeighborsClassifier,30,2018-01-26 13:00:41,minkowski,,1,3,2,65.9090909091,"(9900, 40)",0.0539860725402832,0.0014295578002929688,0.0003490447998046875,85.0,"(100, 40)",uniform
auto,KNeighborsClassifier,30,2018-01-26 13:00:43,minkowski,,1,3,2,65.9696969697,"(9900, 40)",0.08214163780212402,0.001535654067993164,0.0005931854248046875,84.0,"(100, 40)",uniform
auto,KNeighborsClassifier,30,2018-01-26 13:00:43,minkowski,,1,3,2,71.202020202,"(9900, 40)",0.05420422554016113,0.0015254020690917969,0.0003528594970703125,100.0,"(100, 40)",distance
auto,KNeighborsClassifier,30,2018-01-26 13:00:57,minkowski,,1,3,2,65.9696969697,"(9900, 40)",0.08389973640441895,0.0015339851379394531,0.0005991458892822266,83.0,"(100, 40)",uniform
auto,KNeighborsClassifier,30,2018-01-26 13:00:57,minkowski,,1,3,2,71.2626262626,"(9900, 40)",0.0626077651977539,0.0014829635620117188,0.00036025047302246094,100.0,"(100, 40)",distance
auto,KNeighborsClassifier,30,2018-01-26 13:01:00,minkowski,,1,3,2,66.0505050505,"(9900, 40)",0.07784700393676758,0.0015118122100830078,0.0005846023559570312,83.0,"(100, 40)",uniform
auto,KNeighborsClassifier,30,2018-01-26 13:01:00,minkowski,,1,3,2,71.404040404,"(9900, 40)",0.0548396110534668,0.0015616416931152344,0.0008294582366943359,100.0,"(100, 40)",distance
auto,KNeighborsClassifier,30,2018-01-26 13:01:33,minkowski,,1,3,2,71.5151515152,"(9900, 40)",0.09778594970703125,0.0018532276153564453,0.0006096363067626953,100.0,"(100, 40)",distance
auto,KNeighborsClassifier,30,2018-01-26 13:01:33,minkowski,,1,3,2,66.0808080808,"(9900, 40)",0.05491232872009277,0.0009570121765136719,0.0002894401550292969,85.0,"(100, 40)",uniform
auto,KNeighborsClassifier,30,2018-01-26 13:01:34,minkowski,,1,3,2,65.9696969697,"(9900, 40)",0.08455324172973633,0.0015430450439453125,0.000583648681640625,83.0,"(100, 40)",uniform
auto,KNeighborsClassifier,30,2018-01-26 13:01:35,minkowski,,1,3,2,71.3131313131,"(9900, 40)",0.0553431510925293,0.001508474349975586,0.0003476142883300781,100.0,"(100, 40)",distance
auto,KNeighborsClassifier,30,2018-01-26 13:01:40,minkowski,,1,3,2,71.4747474747,"(9900, 40)",0.08962512016296387,0.0016171932220458984,0.0005831718444824219,100.0,"(100, 40)",distance
auto,KNeighborsClassifier,30,2018-01-26 13:01:40,minkowski,,1,3,2,66.0404040404,"(9900, 40)",0.054468631744384766,0.0010013580322265625,0.00031280517578125,83.0,"(100, 40)",uniform
auto,KNeighborsClassifier,30,2018-01-26 13:02:19,minkowski,,1,5,2,62.9494949495,"(9900, 40)",0.144744873046875,0.0016109943389892578,0.0005979537963867188,76.0,"(100, 40)",uniform
auto,KNeighborsClassifier,30,2018-01-26 13:02:19,minkowski,,1,4,2,65.0,"(9900, 40)",0.0519862174987793,0.0009543895721435547,0.0002722740173339844,82.0,"(100, 40)",uniform
auto,KNeighborsClassifier,30,2018-01-26 13:02:19,minkowski,,1,4,2,70.1313131313,"(9900, 40)",0.05677986145019531,0.0011456012725830078,0.0002925395965576172,100.0,"(100, 40)",distance
auto,KNeighborsClassifier,30,2018-01-26 13:02:19,minkowski,,1,1,2,71.8282828283,"(9900, 40)",0.04848289489746094,0.009881019592285156,0.0002739429473876953,100.0,"(100, 40)",uniform
auto,KNeighborsClassifier,30,2018-01-26 13:02:19,minkowski,,1,2,2,63.5252525253,"(9900, 40)",0.04982161521911621,0.0009336471557617188,0.00026917457580566406,82.0,"(100, 40)",uniform
auto,KNeighborsClassifier,30,2018-01-26 13:02:19,minkowski,,1,1,2,71.8282828283,"(9900, 40)",0.04768109321594238,0.0007550716400146484,0.0002675056457519531,100.0,"(100, 40)",distance
auto,KNeighborsClassifier,30,2018-01-26 13:02:20,minkowski,,1,3,2,71.4444444444,"(9900, 40)",0.052720069885253906,0.0009918212890625,0.0002722740173339844,100.0,"(100, 40)",distance
auto,KNeighborsClassifier,30,2018-01-26 13:02:20,minkowski,,1,5,2,68.9595959596,"(9900, 40)",0.05781960487365723,0.001172780990600586,0.00028014183044433594,100.0,"(100, 40)",distance
auto,KNeighborsClassifier,30,2018-01-26 13:02:20,minkowski,,1,2,2,71.8282828283,"(9900, 40)",0.04905891418457031,0.0009965896606445312,0.0003159046173095703,100.0,"(100, 40)",distance
auto,KNeighborsClassifier,30,2018-01-26 13:02:20,minkowski,,1,3,2,65.7676767677,"(9900, 40)",0.05364704132080078,0.0009441375732421875,0.0002703666687011719,83.0,"(100, 40)",uniform
auto,KNeighborsClassifier,30,2018-01-26 13:02:48,minkowski,,1,4,2,69.6666666667,"(9900, 43)",0.14381694793701172,0.001705169677734375,0.0005795955657958984,100.0,"(100, 43)",distance
auto,KNeighborsClassifier,30,2018-01-26 13:02:48,minkowski,,1,2,2,71.3636363636,"(9900, 43)",0.05543184280395508,0.0010995864868164062,0.00032210350036621094,100.0,"(100, 43)",distance
auto,KNeighborsClassifier,30,2018-01-26 13:02:48,minkowski,,1,4,2,64.4747474747,"(9900, 43)",0.05667448043823242,0.0012042522430419922,0.0002903938293457031,80.0,"(100, 43)",uniform
auto,KNeighborsClassifier,30,2018-01-26 13:02:48,minkowski,,1,1,2,71.3636363636,"(9900, 43)",0.0479433536529541,0.014373064041137695,0.000308990478515625,100.0,"(100, 43)",uniform
auto,KNeighborsClassifier,30,2018-01-26 13:02:48,minkowski,,1,3,2,65.4848484848,"(9900, 43)",0.05813884735107422,0.0009610652923583984,0.0002651214599609375,82.0,"(100, 43)",uniform
auto,KNeighborsClassifier,30,2018-01-26 13:02:48,minkowski,,1,2,2,63.3636363636,"(9900, 43)",0.0523529052734375,0.0010073184967041016,0.0002684593200683594,84.0,"(100, 43)",uniform
auto,KNeighborsClassifier,30,2018-01-26 13:02:48,minkowski,,1,5,2,62.1818181818,"(9900, 43)",0.060982465744018555,0.0009949207305908203,0.00028324127197265625,74.0,"(100, 43)",uniform
auto,KNeighborsClassifier,30,2018-01-26 13:02:49,minkowski,,1,1,2,71.3636363636,"(9900, 43)",0.0496525764465332,0.0007715225219726562,0.0002713203430175781,100.0,"(100, 43)",distance
auto,KNeighborsClassifier,30,2018-01-26 13:02:49,minkowski,,1,3,2,70.9898989899,"(9900, 43)",0.057352304458618164,0.0016286373138427734,0.00030422210693359375,100.0,"(100, 43)",distance
auto,KNeighborsClassifier,30,2018-01-26 13:02:49,minkowski,,1,5,2,68.4141414141,"(9900, 43)",0.06270837783813477,0.0010614395141601562,0.0002727508544921875,100.0,"(100, 43)",distance
auto,KNeighborsClassifier,30,2018-01-26 13:59:44,minkowski,,1,2,2,70.3535353535,"(9900, 784)",1.0877799987792969,0.012985467910766602,0.0006539821624755859,100.0,"(100, 784)",distance
auto,KNeighborsClassifier,30,2018-01-26 13:59:45,minkowski,,1,1,2,70.3636363636,"(9900, 784)",1.0910887718200684,0.010553121566772461,0.0008883476257324219,100.0,"(100, 784)",distance
auto,KNeighborsClassifier,30,2018-01-26 13:59:48,minkowski,,1,5,2,60.5252525253,"(9900, 784)",2.2480876445770264,0.011469841003417969,0.0007188320159912109,69.0,"(100, 784)",uniform
auto,KNeighborsClassifier,30,2018-01-26 13:59:49,minkowski,,1,2,2,61.5555555556,"(9900, 784)",1.089752435684204,0.011066675186157227,0.0006852149963378906,82.0,"(100, 784)",uniform
auto,KNeighborsClassifier,30,2018-01-26 13:59:50,minkowski,,1,4,2,62.404040404,"(9900, 784)",1.095151662826538,0.021749019622802734,0.0007007122039794922,77.0,"(100, 784)",uniform
auto,KNeighborsClassifier,30,2018-01-26 13:59:51,minkowski,,1,5,2,66.797979798,"(9900, 784)",1.1085689067840576,0.011330366134643555,0.0006842613220214844,100.0,"(100, 784)",distance
auto,KNeighborsClassifier,30,2018-01-26 13:59:52,minkowski,,1,3,2,64.0404040404,"(9900, 784)",1.1040849685668945,0.011907100677490234,0.0007450580596923828,83.0,"(100, 784)",uniform
auto,KNeighborsClassifier,30,2018-01-26 13:59:53,minkowski,,1,1,2,70.3636363636,"(9900, 784)",1.0871481895446777,0.014796972274780273,0.0006275177001953125,100.0,"(100, 784)",uniform
auto,KNeighborsClassifier,30,2018-01-26 13:59:54,minkowski,,1,3,2,69.4343434343,"(9900, 784)",1.0974774360656738,0.01462697982788086,0.0007610321044921875,100.0,"(100, 784)",distance
auto,KNeighborsClassifier,30,2018-01-26 13:59:55,minkowski,,1,4,2,68.8383838384,"(9900, 784)",1.0971810817718506,0.013747453689575195,0.0006084442138671875,100.0,"(100, 784)",distance
auto,KNeighborsClassifier,30,2018-01-26 14:00:50,minkowski,,1,3,2,69.4343434343,"(9900, 784)",1.0900051593780518,0.014356374740600586,0.0009481906890869141,100.0,"(100, 784)",distance
auto,KNeighborsClassifier,30,2018-01-26 14:00:51,minkowski,,1,3,2,64.0404040404,"(9900, 784)",1.0977118015289307,0.012316703796386719,0.0022192001342773438,83.0,"(100, 784)",uniform
auto,KNeighborsClassifier,30,2018-01-26 14:05:55,minkowski,,1,3,2,13.0,"(100, 784)",1.2716615200042725,126.72239065170288,0.5931792259216309,100.0,"(10000, 784)",distance
auto,KNeighborsClassifier,30,2018-01-26 17:44:34,minkowski,,1,4,2,95.9,"(1000, 784)",12.157023429870605,208.01102995872498,0.453080415725708,100.0,"(9000, 784)",distance
auto,KNeighborsClassifier,30,2018-01-26 17:48:06,minkowski,,1,4,2,97.9,"(1000, 38)",0.3779723644256592,6.004067897796631,0.020893335342407227,100.0,"(9000, 38)",distance
auto,KNeighborsClassifier,30,2018-02-02 18:19:00,minkowski,,1,4,2,0.0,"(100, 38)",0.04979825019836426,6.889439105987549,0.05224180221557617,100.0,"(10000, 38)",distance
auto,KNeighborsClassifier,30,2018-02-02 18:19:24,minkowski,,1,4,2,66.0,"(100, 38)",0.05972409248352051,6.850133419036865,0.0682070255279541,100.0,"(10000, 38)",distance
auto,KNeighborsClassifier,30,2018-02-02 18:19:54,minkowski,,1,4,2,66.0,"(100, 38)",0.05111813545227051,7.038163423538208,0.019127845764160156,100.0,"(10000, 38)",distance
auto,KNeighborsClassifier,30,2018-02-02 18:20:48,minkowski,,1,4,2,67.0,"(100, 38)",0.04825925827026367,6.857508897781372,0.017932891845703125,100.0,"(10000, 38)",distance
auto,KNeighborsClassifier,30,2018-02-02 18:23:49,minkowski,,1,4,2,65.0,"(100, 38)",0.04107165336608887,6.837062120437622,0.04673504829406738,100.0,"(10000, 38)",distance
auto,KNeighborsClassifier,30,2018-02-02 18:24:12,minkowski,,1,4,2,65.0,"(100, 38)",0.043230533599853516,7.2887208461761475,0.0423583984375,100.0,"(10000, 38)",distance
auto,KNeighborsClassifier,30,2018-02-02 18:27:09,minkowski,,1,4,2,69.0,"(100, 38)",0.11121654510498047,24.81014347076416,0.06976199150085449,100.0,"(20000, 38)",distance
auto,KNeighborsClassifier,30,2018-02-02 18:28:35,minkowski,,1,4,2,100.0,"(1000, 38)",0.3488736152648926,6.881784200668335,0.05462932586669922,100.0,"(10000, 38)",distance
auto,KNeighborsClassifier,30,2018-02-02 18:30:35,minkowski,,1,4,2,100.0,"(1000, 38)",0.4538383483886719,7.1798951625823975,0.018668413162231445,100.0,"(10000, 38)",distance
auto,KNeighborsClassifier,30,2018-02-02 18:31:13,minkowski,,1,4,2,97.9,"(1000, 38)",0.3409717082977295,5.769339323043823,0.01856374740600586,100.0,"(9000, 38)",distance
auto,KNeighborsClassifier,30,2018-02-02 18:31:35,minkowski,,1,4,2,97.0,"(1000, 38)",0.4974038600921631,7.488174915313721,0.06164813041687012,100.0,"(10000, 38)",distance
auto,KNeighborsClassifier,30,2018-02-02 18:31:52,minkowski,,1,4,2,97.0,"(1000, 38)",0.44973134994506836,7.161656856536865,0.018955707550048828,100.0,"(10000, 38)",distance
auto,KNeighborsClassifier,30,2018-02-02 19:17:03,minkowski,,1,4,2,75.0,"(100, 38)",0.05373239517211914,6.987497806549072,0.0520780086517334,100.0,"(10000, 38)",distance
