C,cache_size,class_weight,cls_name,coef0,decision_function_shape,degree,gamma,kernel,log_time,max_iter,probability,random_state,shrinking,test_accuracy,test_shape,time_test_test,time_test_train,time_training,tol,train_accuracy,train_shape,verbose
0.00411522633744856,200,,SVC,0.0,ovr,3,0.001,rbf,2018-01-18 23:07:41,-1,False,,True,0.0,"(10, 784)",0.003964424133300781,0.010713815689086914,0.015309810638427734,0.001,16.6666666667,"(90, 784)",False
0.012345679012345678,200,,SVC,0.0,ovr,3,0.001,rbf,2018-01-18 23:07:41,-1,False,,True,0.0,"(10, 784)",0.0012023448944091797,0.010904788970947266,0.01602482795715332,0.001,16.6666666667,"(90, 784)",False
0.037037037037037035,200,,SVC,0.0,ovr,3,0.001,rbf,2018-01-18 23:07:41,-1,False,,True,0.0,"(10, 784)",0.0022039413452148438,0.011602163314819336,0.018995285034179688,0.001,16.6666666667,"(90, 784)",False
0.1111111111111111,200,,SVC,0.0,ovr,3,0.001,rbf,2018-01-18 23:07:41,-1,False,,True,0.0,"(10, 784)",0.0009508132934570312,0.0074329376220703125,0.017866134643554688,0.001,16.6666666667,"(90, 784)",False
0.3333333333333333,200,,SVC,0.0,ovr,3,0.001,rbf,2018-01-18 23:07:41,-1,False,,True,0.0,"(10, 784)",0.0009429454803466797,0.007391452789306641,0.015703678131103516,0.001,27.7777777778,"(90, 784)",False
1,200,,SVC,0.0,ovr,3,0.001,rbf,2018-01-18 23:07:41,-1,False,,True,10.0,"(10, 784)",0.0009951591491699219,0.008491039276123047,0.01957869529724121,0.001,42.2222222222,"(90, 784)",False
3,200,,SVC,0.0,ovr,3,0.001,rbf,2018-01-18 23:07:41,-1,False,,True,50.0,"(10, 784)",0.0014939308166503906,0.008088111877441406,0.01633286476135254,0.001,94.4444444444,"(90, 784)",False
9,200,,SVC,0.0,ovr,3,0.001,rbf,2018-01-18 23:07:41,-1,False,,True,60.0,"(10, 784)",0.0009655952453613281,0.007442951202392578,0.01703047752380371,0.001,100.0,"(90, 784)",False
27,200,,SVC,0.0,ovr,3,0.001,rbf,2018-01-18 23:07:41,-1,False,,True,70.0,"(10, 784)",0.0014927387237548828,0.00819540023803711,0.015335559844970703,0.001,100.0,"(90, 784)",False
81,200,,SVC,0.0,ovr,3,0.001,rbf,2018-01-18 23:07:41,-1,False,,True,70.0,"(10, 784)",0.0015583038330078125,0.007877826690673828,0.01904463768005371,0.001,100.0,"(90, 784)",False
243,200,,SVC,0.0,ovr,3,0.001,rbf,2018-01-18 23:07:41,-1,False,,True,70.0,"(10, 784)",0.0011441707611083984,0.00823068618774414,0.0171658992767334,0.001,100.0,"(90, 784)",False
0.00411522633744856,200,,SVC,0.0,ovr,3,0.01,rbf,2018-01-18 23:07:41,-1,False,,True,0.0,"(10, 784)",0.000965118408203125,0.007184505462646484,0.01688385009765625,0.001,16.6666666667,"(90, 784)",False
0.012345679012345678,200,,SVC,0.0,ovr,3,0.01,rbf,2018-01-18 23:07:41,-1,False,,True,0.0,"(10, 784)",0.0009839534759521484,0.010360002517700195,0.019102096557617188,0.001,16.6666666667,"(90, 784)",False
0.037037037037037035,200,,SVC,0.0,ovr,3,0.01,rbf,2018-01-18 23:07:41,-1,False,,True,0.0,"(10, 784)",0.0009098052978515625,0.007840871810913086,0.01806926727294922,0.001,16.6666666667,"(90, 784)",False
0.1111111111111111,200,,SVC,0.0,ovr,3,0.01,rbf,2018-01-18 23:07:41,-1,False,,True,0.0,"(10, 784)",0.0009393692016601562,0.008682727813720703,0.017261743545532227,0.001,16.6666666667,"(90, 784)",False
0.3333333333333333,200,,SVC,0.0,ovr,3,0.01,rbf,2018-01-18 23:07:41,-1,False,,True,10.0,"(10, 784)",0.0010046958923339844,0.007682323455810547,0.017513275146484375,0.001,38.8888888889,"(90, 784)",False
1,200,,SVC,0.0,ovr,3,0.01,rbf,2018-01-18 23:07:41,-1,False,,True,50.0,"(10, 784)",0.0011165142059326172,0.007744789123535156,0.020781278610229492,0.001,100.0,"(90, 784)",False
3,200,,SVC,0.0,ovr,3,0.01,rbf,2018-01-18 23:07:41,-1,False,,True,60.0,"(10, 784)",0.0010061264038085938,0.008399724960327148,0.01915740966796875,0.001,100.0,"(90, 784)",False
9,200,,SVC,0.0,ovr,3,0.01,rbf,2018-01-18 23:07:41,-1,False,,True,60.0,"(10, 784)",0.001064300537109375,0.009273052215576172,0.01641106605529785,0.001,100.0,"(90, 784)",False
27,200,,SVC,0.0,ovr,3,0.01,rbf,2018-01-18 23:07:41,-1,False,,True,60.0,"(10, 784)",0.0013239383697509766,0.01217508316040039,0.018211841583251953,0.001,100.0,"(90, 784)",False
81,200,,SVC,0.0,ovr,3,0.01,rbf,2018-01-18 23:07:41,-1,False,,True,60.0,"(10, 784)",0.0011670589447021484,0.007512569427490234,0.01806473731994629,0.001,100.0,"(90, 784)",False
243,200,,SVC,0.0,ovr,3,0.01,rbf,2018-01-18 23:07:41,-1,False,,True,60.0,"(10, 784)",0.0009036064147949219,0.007299900054931641,0.018074989318847656,0.001,100.0,"(90, 784)",False
0.00411522633744856,200,,SVC,0.0,ovr,3,0.1,rbf,2018-01-18 23:07:41,-1,False,,True,0.0,"(10, 784)",0.0009865760803222656,0.008943796157836914,0.017804861068725586,0.001,16.6666666667,"(90, 784)",False
0.012345679012345678,200,,SVC,0.0,ovr,3,0.1,rbf,2018-01-18 23:07:41,-1,False,,True,0.0,"(10, 784)",0.0010497570037841797,0.008736610412597656,0.021132469177246094,0.001,16.6666666667,"(90, 784)",False
0.037037037037037035,200,,SVC,0.0,ovr,3,0.1,rbf,2018-01-18 23:07:41,-1,False,,True,0.0,"(10, 784)",0.0009069442749023438,0.00733494758605957,0.017769336700439453,0.001,16.6666666667,"(90, 784)",False
0.1111111111111111,200,,SVC,0.0,ovr,3,0.1,rbf,2018-01-18 23:07:41,-1,False,,True,0.0,"(10, 784)",0.0009164810180664062,0.008006811141967773,0.017788171768188477,0.001,16.6666666667,"(90, 784)",False
0.3333333333333333,200,,SVC,0.0,ovr,3,0.1,rbf,2018-01-18 23:07:41,-1,False,,True,0.0,"(10, 784)",0.0009405612945556641,0.014069795608520508,0.016725540161132812,0.001,16.6666666667,"(90, 784)",False
1,200,,SVC,0.0,ovr,3,0.1,rbf,2018-01-18 23:07:41,-1,False,,True,0.0,"(10, 784)",0.0010440349578857422,0.00841665267944336,0.017480134963989258,0.001,100.0,"(90, 784)",False
3,200,,SVC,0.0,ovr,3,0.1,rbf,2018-01-18 23:07:41,-1,False,,True,0.0,"(10, 784)",0.0017004013061523438,0.007592916488647461,0.016829967498779297,0.001,100.0,"(90, 784)",False
9,200,,SVC,0.0,ovr,3,0.1,rbf,2018-01-18 23:07:41,-1,False,,True,0.0,"(10, 784)",0.0009088516235351562,0.0073511600494384766,0.01697373390197754,0.001,100.0,"(90, 784)",False
27,200,,SVC,0.0,ovr,3,0.1,rbf,2018-01-18 23:07:41,-1,False,,True,0.0,"(10, 784)",0.0010089874267578125,0.009646415710449219,0.022225379943847656,0.001,100.0,"(90, 784)",False
81,200,,SVC,0.0,ovr,3,0.1,rbf,2018-01-18 23:07:41,-1,False,,True,0.0,"(10, 784)",0.0010881423950195312,0.0074100494384765625,0.018272876739501953,0.001,100.0,"(90, 784)",False
243,200,,SVC,0.0,ovr,3,0.1,rbf,2018-01-18 23:07:41,-1,False,,True,0.0,"(10, 784)",0.0009100437164306641,0.007340908050537109,0.01767420768737793,0.001,100.0,"(90, 784)",False
0.00411522633744856,200,,SVC,0.0,ovr,3,1,rbf,2018-01-18 23:07:41,-1,False,,True,0.0,"(10, 784)",0.000995635986328125,0.00835275650024414,0.020627498626708984,0.001,16.6666666667,"(90, 784)",False
0.012345679012345678,200,,SVC,0.0,ovr,3,1,rbf,2018-01-18 23:07:41,-1,False,,True,0.0,"(10, 784)",0.0010120868682861328,0.00842905044555664,0.01852583885192871,0.001,16.6666666667,"(90, 784)",False
0.037037037037037035,200,,SVC,0.0,ovr,3,1,rbf,2018-01-18 23:07:42,-1,False,,True,0.0,"(10, 784)",0.0009181499481201172,0.00743412971496582,0.01754283905029297,0.001,16.6666666667,"(90, 784)",False
0.1111111111111111,200,,SVC,0.0,ovr,3,1,rbf,2018-01-18 23:07:42,-1,False,,True,0.0,"(10, 784)",0.0020682811737060547,0.009553194046020508,0.01727914810180664,0.001,16.6666666667,"(90, 784)",False
0.3333333333333333,200,,SVC,0.0,ovr,3,1,rbf,2018-01-18 23:07:42,-1,False,,True,0.0,"(10, 784)",0.00119781494140625,0.008472919464111328,0.018764257431030273,0.001,16.6666666667,"(90, 784)",False
1,200,,SVC,0.0,ovr,3,1,rbf,2018-01-18 23:07:42,-1,False,,True,0.0,"(10, 784)",0.0010166168212890625,0.010132312774658203,0.01680278778076172,0.001,100.0,"(90, 784)",False
3,200,,SVC,0.0,ovr,3,1,rbf,2018-01-18 23:07:42,-1,False,,True,0.0,"(10, 784)",0.0010225772857666016,0.008143901824951172,0.01642131805419922,0.001,100.0,"(90, 784)",False
9,200,,SVC,0.0,ovr,3,1,rbf,2018-01-18 23:07:42,-1,False,,True,0.0,"(10, 784)",0.001004934310913086,0.009575605392456055,0.02004241943359375,0.001,100.0,"(90, 784)",False
27,200,,SVC,0.0,ovr,3,1,rbf,2018-01-18 23:07:42,-1,False,,True,0.0,"(10, 784)",0.0011997222900390625,0.007539272308349609,0.01784992218017578,0.001,100.0,"(90, 784)",False
81,200,,SVC,0.0,ovr,3,1,rbf,2018-01-18 23:07:42,-1,False,,True,0.0,"(10, 784)",0.00102996826171875,0.008686542510986328,0.017800092697143555,0.001,100.0,"(90, 784)",False
243,200,,SVC,0.0,ovr,3,1,rbf,2018-01-18 23:07:42,-1,False,,True,0.0,"(10, 784)",0.0028045177459716797,0.008249759674072266,0.01794266700744629,0.001,100.0,"(90, 784)",False
0.00411522633744856,200,,SVC,0.0,ovr,3,10,rbf,2018-01-18 23:07:42,-1,False,,True,0.0,"(10, 784)",0.0009729862213134766,0.008191823959350586,0.018555879592895508,0.001,16.6666666667,"(90, 784)",False
0.012345679012345678,200,,SVC,0.0,ovr,3,10,rbf,2018-01-18 23:07:42,-1,False,,True,0.0,"(10, 784)",0.0009870529174804688,0.007231473922729492,0.01728987693786621,0.001,16.6666666667,"(90, 784)",False
0.037037037037037035,200,,SVC,0.0,ovr,3,10,rbf,2018-01-18 23:07:42,-1,False,,True,0.0,"(10, 784)",0.0009753704071044922,0.008944034576416016,0.01610565185546875,0.001,16.6666666667,"(90, 784)",False
0.1111111111111111,200,,SVC,0.0,ovr,3,10,rbf,2018-01-18 23:07:42,-1,False,,True,0.0,"(10, 784)",0.0009746551513671875,0.009705543518066406,0.018464326858520508,0.001,16.6666666667,"(90, 784)",False
0.3333333333333333,200,,SVC,0.0,ovr,3,10,rbf,2018-01-18 23:07:42,-1,False,,True,0.0,"(10, 784)",0.0016002655029296875,0.007813453674316406,0.017519235610961914,0.001,16.6666666667,"(90, 784)",False
1,200,,SVC,0.0,ovr,3,10,rbf,2018-01-18 23:07:42,-1,False,,True,0.0,"(10, 784)",0.0009706020355224609,0.007256746292114258,0.01683664321899414,0.001,100.0,"(90, 784)",False
3,200,,SVC,0.0,ovr,3,10,rbf,2018-01-18 23:07:42,-1,False,,True,0.0,"(10, 784)",0.0010075569152832031,0.008399009704589844,0.017354965209960938,0.001,100.0,"(90, 784)",False
9,200,,SVC,0.0,ovr,3,10,rbf,2018-01-18 23:07:42,-1,False,,True,0.0,"(10, 784)",0.001547098159790039,0.008710861206054688,0.020682334899902344,0.001,100.0,"(90, 784)",False
27,200,,SVC,0.0,ovr,3,10,rbf,2018-01-18 23:07:42,-1,False,,True,0.0,"(10, 784)",0.0008971691131591797,0.0076563358306884766,0.017890214920043945,0.001,100.0,"(90, 784)",False
81,200,,SVC,0.0,ovr,3,10,rbf,2018-01-18 23:07:42,-1,False,,True,0.0,"(10, 784)",0.0008978843688964844,0.007686614990234375,0.017424345016479492,0.001,100.0,"(90, 784)",False
243,200,,SVC,0.0,ovr,3,10,rbf,2018-01-18 23:07:42,-1,False,,True,0.0,"(10, 784)",0.0009768009185791016,0.013245344161987305,0.016286849975585938,0.001,100.0,"(90, 784)",False
27,200,,SVC,0.0,ovr,3,0.01,rbf,2018-01-21 15:41:52,-1,False,,True,80.9090909091,"(9900, 784)",0.9592075347900391,0.010517597198486328,0.021709203720092773,0.001,100.0,"(100, 784)",False
0.00411522633744856,200,,SVC,0.0,ovr,3,0.1,rbf,2018-01-21 15:41:53,-1,False,,True,37.6060606061,"(9900, 784)",0.9575655460357666,0.010727643966674805,0.01982712745666504,0.001,100.0,"(100, 784)",False
0.3333333333333333,200,,SVC,0.0,ovr,3,10,rbf,2018-01-21 15:41:54,-1,False,,True,18.9090909091,"(9900, 784)",0.9234986305236816,0.010150909423828125,0.017592906951904297,0.001,100.0,"(100, 784)",False
0.3333333333333333,200,,SVC,0.0,ovr,3,0.01,rbf,2018-01-21 15:42:03,-1,False,,True,75.2727272727,"(9900, 784)",0.9596281051635742,0.009793996810913086,0.02338433265686035,0.001,100.0,"(100, 784)",False
0.037037037037037035,200,,SVC,0.0,ovr,3,10,rbf,2018-01-21 15:42:07,-1,False,,True,18.9090909091,"(9900, 784)",0.9284193515777588,0.013443470001220703,0.019208192825317383,0.001,100.0,"(100, 784)",False
0.00411522633744856,200,,SVC,0.0,ovr,3,1,rbf,2018-01-21 15:42:08,-1,False,,True,65.1212121212,"(9900, 784)",0.9473402500152588,0.011483192443847656,0.020172834396362305,0.001,100.0,"(100, 784)",False
3,200,,SVC,0.0,ovr,3,0.01,rbf,2018-01-21 15:42:09,-1,False,,True,80.9090909091,"(9900, 784)",0.9451882839202881,0.009878873825073242,0.022394895553588867,0.001,100.0,"(100, 784)",False
0.00411522633744856,200,,SVC,0.0,ovr,3,0.01,rbf,2018-01-21 15:42:10,-1,False,,True,75.2727272727,"(9900, 784)",0.9455573558807373,0.011050939559936523,0.02289724349975586,0.001,100.0,"(100, 784)",False
0.1111111111111111,200,,SVC,0.0,ovr,3,10,rbf,2018-01-21 15:42:11,-1,False,,True,18.9090909091,"(9900, 784)",0.9297530651092529,0.009481668472290039,0.018742084503173828,0.001,100.0,"(100, 784)",False
0.3333333333333333,200,,SVC,0.0,ovr,3,0.001,rbf,2018-01-21 15:42:12,-1,False,,True,68.0606060606,"(9900, 784)",0.9497144222259521,0.009721517562866211,0.019344806671142578,0.001,91.0,"(100, 784)",False
0.012345679012345678,200,,SVC,0.0,ovr,3,1,rbf,2018-01-21 15:42:13,-1,False,,True,65.1212121212,"(9900, 784)",0.9422411918640137,0.010840654373168945,0.020928621292114258,0.001,100.0,"(100, 784)",False
0.3333333333333333,200,,SVC,0.0,ovr,3,0.01,rbf,2018-01-21 15:42:14,-1,False,,True,75.2727272727,"(9900, 784)",0.9420156478881836,0.012733697891235352,0.02193164825439453,0.001,100.0,"(100, 784)",False
0.037037037037037035,200,,SVC,0.0,ovr,3,0.1,rbf,2018-01-21 15:42:15,-1,False,,True,37.6060606061,"(9900, 784)",0.9495358467102051,0.010173559188842773,0.019765138626098633,0.001,100.0,"(100, 784)",False
0.1111111111111111,200,,SVC,0.0,ovr,3,0.001,rbf,2018-01-21 15:42:16,-1,False,,True,68.0606060606,"(9900, 784)",0.9552502632141113,0.011092662811279297,0.019467592239379883,0.001,91.0,"(100, 784)",False
0.3333333333333333,200,,SVC,0.0,ovr,3,0.1,rbf,2018-01-21 15:42:17,-1,False,,True,37.6060606061,"(9900, 784)",0.9777233600616455,0.015825510025024414,0.03151130676269531,0.001,100.0,"(100, 784)",False
27,200,,SVC,0.0,ovr,3,0.1,rbf,2018-01-21 15:42:18,-1,False,,True,49.0606060606,"(9900, 784)",0.9927747249603271,0.010082244873046875,0.021986961364746094,0.001,100.0,"(100, 784)",False
3.0,200,,SVC,0.0,ovr,3,3.0,rbf,2018-01-21 15:42:33,-1,False,,True,64.8787878788,"(9900, 784)",0.9806363582611084,0.011017322540283203,0.020154476165771484,0.001,100.0,"(100, 784)",False
3.0,200,,SVC,0.0,ovr,3,3.0,rbf,2018-01-21 16:00:53,-1,False,,True,64.8787878788,"(9900, 784)",0.9896621704101562,0.011443853378295898,0.024099349975585938,0.001,100.0,"(100, 784)",False
3.0,200,,SVC,0.0,ovr,3,3.0,rbf,2018-01-21 16:00:59,-1,False,,True,64.8787878788,"(9900, 784)",0.9756803512573242,0.009775400161743164,0.02058720588684082,0.001,100.0,"(100, 784)",False
3.0,200,,SVC,0.0,ovr,3,3.0,rbf,2018-01-21 16:01:43,-1,False,,True,64.8787878788,"(9900, 784)",1.1034095287322998,0.011725664138793945,0.02047562599182129,0.001,100.0,"(100, 784)",False
3.0,200,,SVC,0.0,ovr,3,3.0,rbf,2018-01-21 16:01:46,-1,False,,True,64.8787878788,"(9900, 784)",0.9774887561798096,0.011396646499633789,0.019541025161743164,0.001,100.0,"(100, 784)",False
3.0,200,,SVC,0.0,ovr,3,3.0,rbf,2018-01-21 16:05:40,-1,False,,True,64.8787878788,"(9900, 784)",0.9800338745117188,0.010828256607055664,0.020470142364501953,0.001,100.0,"(100, 784)",False
3.0,200,,SVC,0.0,ovr,3,3.0,rbf,2018-01-21 16:05:45,-1,False,,True,64.8787878788,"(9900, 784)",0.9907734394073486,0.010557413101196289,0.02001190185546875,0.001,100.0,"(100, 784)",False
3.0,200,,SVC,0.0,ovr,3,3.0,rbf,2018-01-21 16:06:26,-1,False,,True,64.8787878788,"(9900, 784)",1.1969165802001953,0.011670112609863281,0.019976377487182617,0.001,100.0,"(100, 784)",False
3.0,200,,SVC,0.0,ovr,3,3.0,rbf,2018-01-21 16:06:36,-1,False,,True,64.8787878788,"(9900, 784)",0.9870359897613525,0.010685205459594727,0.020527362823486328,0.001,100.0,"(100, 784)",False
3.0,200,,SVC,0.0,ovr,3,3.0,rbf,2018-01-21 16:06:40,-1,False,,True,64.8787878788,"(9900, 784)",1.2186899185180664,0.014732122421264648,0.026112794876098633,0.001,100.0,"(100, 784)",False
3.0,200,,SVC,0.0,ovr,3,3.0,rbf,2018-01-21 16:08:54,-1,False,,True,64.8787878788,"(9900, 784)",1.0118253231048584,0.015359163284301758,0.025323867797851562,0.001,100.0,"(100, 784)",False
3.0,200,,SVC,0.0,ovr,3,3.0,rbf,2018-01-21 16:08:57,-1,False,,True,64.8787878788,"(9900, 784)",0.9978888034820557,0.011668682098388672,0.023278236389160156,0.001,100.0,"(100, 784)",False
3.0,200,,SVC,0.0,ovr,3,3.0,rbf,2018-01-21 16:10:03,-1,False,,True,64.8787878788,"(9900, 784)",1.1600987911224365,0.010627508163452148,0.021069049835205078,0.001,100.0,"(100, 784)",False
3.0,200,,SVC,0.0,ovr,3,3.0,rbf,2018-01-21 16:10:06,-1,False,,True,64.8787878788,"(9900, 784)",0.9814176559448242,0.011259317398071289,0.020293235778808594,0.001,100.0,"(100, 784)",False
3.0,200,,SVC,0.0,ovr,3,3.0,rbf,2018-01-21 16:12:29,-1,False,,True,64.8787878788,"(9900, 784)",1.104722023010254,0.017673969268798828,0.027034759521484375,0.001,100.0,"(100, 784)",False
3.0,200,,SVC,0.0,ovr,3,3.0,rbf,2018-01-21 16:12:31,-1,False,,True,64.8787878788,"(9900, 784)",0.9810864925384521,0.010416746139526367,0.019800662994384766,0.001,100.0,"(100, 784)",False
3.0,200,,SVC,0.0,ovr,3,3.0,rbf,2018-01-21 16:13:09,-1,False,,True,64.8787878788,"(9900, 784)",0.9882116317749023,0.01376652717590332,0.028986454010009766,0.001,100.0,"(100, 784)",False
3.0,200,,SVC,0.0,ovr,3,3.0,rbf,2018-01-21 16:13:11,-1,False,,True,64.8787878788,"(9900, 784)",0.980705976486206,0.011008024215698242,0.020829439163208008,0.001,100.0,"(100, 784)",False
3.0,200,,SVC,0.0,ovr,3,3.0,rbf,2018-01-21 16:13:15,-1,False,,True,64.8787878788,"(9900, 784)",1.003861427307129,0.009713888168334961,0.020201921463012695,0.001,100.0,"(100, 784)",False
3.0,200,,SVC,0.0,ovr,3,3.0,rbf,2018-01-21 16:13:42,-1,False,,True,64.8787878788,"(9900, 784)",0.99448561668396,0.01592111587524414,0.026653289794921875,0.001,100.0,"(100, 784)",False
3.0,200,,SVC,0.0,ovr,3,3.0,rbf,2018-01-21 16:13:50,-1,False,,True,64.8787878788,"(9900, 784)",0.9845311641693115,0.010058164596557617,0.021330833435058594,0.001,100.0,"(100, 784)",False
3.0,200,,SVC,0.0,ovr,3,3.0,rbf,2018-01-21 16:13:53,-1,False,,True,64.8787878788,"(9900, 784)",0.9948663711547852,0.01018214225769043,0.020752906799316406,0.001,100.0,"(100, 784)",False
3.0,200,,SVC,0.0,ovr,3,3.0,rbf,2018-01-21 16:22:25,-1,False,,True,64.8787878788,"(9900, 784)",0.9861109256744385,0.010930538177490234,0.020134687423706055,0.001,100.0,"(100, 784)",False
3.0,200,,SVC,0.0,ovr,3,3.0,rbf,2018-01-21 16:29:14,-1,False,,True,64.8787878788,"(9900, 784)",0.9869532585144043,0.010949134826660156,0.020482301712036133,0.001,100.0,"(100, 784)",False
3.0,200,,SVC,0.0,ovr,3,3.0,rbf,2018-01-21 16:29:45,-1,False,,True,64.8787878788,"(9900, 784)",0.9841086864471436,0.010918855667114258,0.020631074905395508,0.001,100.0,"(100, 784)",False
3.0,200,,SVC,0.0,ovr,3,3.0,rbf,2018-01-21 16:29:48,-1,False,,True,64.8787878788,"(9900, 784)",0.9778881072998047,0.009529829025268555,0.02200484275817871,0.001,100.0,"(100, 784)",False
3,200,,SVC,0.0,ovr,3,0.001,rbf,2018-01-21 16:30:38,-1,False,,True,76.8383838384,"(9900, 784)",1.0273120403289795,0.009119510650634766,0.021962642669677734,0.001,96.0,"(100, 784)",False
0.3333333333333333,200,,SVC,0.0,ovr,3,0.001,rbf,2018-01-21 16:30:39,-1,False,,True,68.0606060606,"(9900, 784)",1.0578413009643555,0.015287399291992188,0.027801513671875,0.001,91.0,"(100, 784)",False
0.037037037037037035,200,,SVC,0.0,ovr,3,0.001,rbf,2018-01-21 16:30:40,-1,False,,True,68.0606060606,"(9900, 784)",0.9727077484130859,0.012179851531982422,0.019810199737548828,0.001,91.0,"(100, 784)",False
0.00411522633744856,200,,SVC,0.0,ovr,3,0.01,rbf,2018-01-21 16:30:41,-1,False,,True,75.2727272727,"(9900, 784)",1.2667090892791748,0.014775514602661133,0.02276611328125,0.001,100.0,"(100, 784)",False
1,200,,SVC,0.0,ovr,3,10,rbf,2018-01-21 16:30:42,-1,False,,True,18.9090909091,"(9900, 784)",1.06050443649292,0.013782262802124023,0.023771286010742188,0.001,100.0,"(100, 784)",False
243,200,,SVC,0.0,ovr,3,1,rbf,2018-01-21 16:30:43,-1,False,,True,55.2828282828,"(9900, 784)",1.1134183406829834,0.016141891479492188,0.02305436134338379,0.001,100.0,"(100, 784)",False
0.012345679012345678,200,,SVC,0.0,ovr,3,10,rbf,2018-01-21 16:30:44,-1,False,,True,18.9090909091,"(9900, 784)",0.9666268825531006,0.010165214538574219,0.020697355270385742,0.001,100.0,"(100, 784)",False
243,200,,SVC,0.0,ovr,3,10,rbf,2018-01-21 16:30:45,-1,False,,True,18.9090909091,"(9900, 784)",1.0698878765106201,0.014395952224731445,0.02269458770751953,0.001,100.0,"(100, 784)",False
3,200,,SVC,0.0,ovr,3,10,rbf,2018-01-21 16:30:47,-1,False,,True,18.9090909091,"(9900, 784)",1.0216538906097412,0.010129451751708984,0.018910884857177734,0.001,100.0,"(100, 784)",False
81,200,,SVC,0.0,ovr,3,0.1,rbf,2018-01-21 16:30:48,-1,False,,True,49.0606060606,"(9900, 784)",1.008976936340332,0.010980367660522461,0.023356914520263672,0.001,100.0,"(100, 784)",False
81,200,,SVC,0.0,ovr,3,10,rbf,2018-01-21 16:30:49,-1,False,,True,18.9090909091,"(9900, 784)",0.9506144523620605,0.009325981140136719,0.018550872802734375,0.001,100.0,"(100, 784)",False
0.00411522633744856,200,,SVC,0.0,ovr,3,1,rbf,2018-01-21 16:30:50,-1,False,,True,65.1212121212,"(9900, 784)",1.2504315376281738,0.010689496994018555,0.02025127410888672,0.001,100.0,"(100, 784)",False
81,200,,SVC,0.0,ovr,3,1,rbf,2018-01-21 16:30:51,-1,False,,True,55.2828282828,"(9900, 784)",1.119269847869873,0.016721248626708984,0.02997875213623047,0.001,100.0,"(100, 784)",False
0.1111111111111111,200,,SVC,0.0,ovr,3,0.1,rbf,2018-01-21 16:30:52,-1,False,,True,37.6060606061,"(9900, 784)",1.0648033618927002,0.01118922233581543,0.01956963539123535,0.001,100.0,"(100, 784)",False
1,200,,SVC,0.0,ovr,3,0.01,rbf,2018-01-21 16:30:53,-1,False,,True,79.7474747475,"(9900, 784)",1.09389066696167,0.010473489761352539,0.019878387451171875,0.001,100.0,"(100, 784)",False
0.012345679012345678,200,,SVC,0.0,ovr,3,0.001,rbf,2018-01-21 16:30:55,-1,False,,True,68.0606060606,"(9900, 784)",1.3196094036102295,0.012123584747314453,0.028380870819091797,0.001,91.0,"(100, 784)",False
0.1111111111111111,200,,SVC,0.0,ovr,3,0.01,rbf,2018-01-21 16:30:56,-1,False,,True,75.2727272727,"(9900, 784)",1.2815895080566406,0.01392221450805664,0.02614617347717285,0.001,100.0,"(100, 784)",False
27,200,,SVC,0.0,ovr,3,0.01,rbf,2018-01-21 16:30:57,-1,False,,True,80.9090909091,"(9900, 784)",0.9619288444519043,0.013920307159423828,0.019903898239135742,0.001,100.0,"(100, 784)",False
1,200,,SVC,0.0,ovr,3,0.1,rbf,2018-01-21 16:30:58,-1,False,,True,47.0707070707,"(9900, 784)",1.0109612941741943,0.010474920272827148,0.01918768882751465,0.001,100.0,"(100, 784)",False
243,200,,SVC,0.0,ovr,3,0.001,rbf,2018-01-21 16:30:59,-1,False,,True,80.5050505051,"(9900, 784)",0.9631147384643555,0.010143280029296875,0.021158695220947266,0.001,100.0,"(100, 784)",False
0.1111111111111111,200,,SVC,0.0,ovr,3,0.001,rbf,2018-01-21 16:31:00,-1,False,,True,68.0606060606,"(9900, 784)",0.9774119853973389,0.010246038436889648,0.0218963623046875,0.001,91.0,"(100, 784)",False
81,200,,SVC,0.0,ovr,3,0.01,rbf,2018-01-21 16:31:01,-1,False,,True,80.9090909091,"(9900, 784)",1.0140318870544434,0.01139378547668457,0.02131938934326172,0.001,100.0,"(100, 784)",False
3,200,,SVC,0.0,ovr,3,0.1,rbf,2018-01-21 16:31:02,-1,False,,True,49.0606060606,"(9900, 784)",1.146812915802002,0.009970426559448242,0.019596099853515625,0.001,100.0,"(100, 784)",False
27,200,,SVC,0.0,ovr,3,1,rbf,2018-01-21 16:31:03,-1,False,,True,55.2828282828,"(9900, 784)",1.0169720649719238,0.010713577270507812,0.020027875900268555,0.001,100.0,"(100, 784)",False
3,200,,SVC,0.0,ovr,3,1,rbf,2018-01-21 16:31:04,-1,False,,True,55.2828282828,"(9900, 784)",1.0225117206573486,0.01355123519897461,0.02231001853942871,0.001,100.0,"(100, 784)",False
0.1111111111111111,200,,SVC,0.0,ovr,3,1,rbf,2018-01-21 16:31:05,-1,False,,True,65.1212121212,"(9900, 784)",1.0058159828186035,0.011943817138671875,0.022320985794067383,0.001,100.0,"(100, 784)",False
1,200,,SVC,0.0,ovr,3,0.001,rbf,2018-01-21 16:31:06,-1,False,,True,68.101010101,"(9900, 784)",1.0166864395141602,0.010671377182006836,0.023265361785888672,0.001,91.0,"(100, 784)",False
0.00411522633744856,200,,SVC,0.0,ovr,3,0.001,rbf,2018-01-21 16:31:08,-1,False,,True,68.0606060606,"(9900, 784)",1.0876047611236572,0.013337135314941406,0.025821208953857422,0.001,91.0,"(100, 784)",False
9,200,,SVC,0.0,ovr,3,0.01,rbf,2018-01-21 16:31:09,-1,False,,True,80.9090909091,"(9900, 784)",1.007112741470337,0.015074968338012695,0.023545503616333008,0.001,100.0,"(100, 784)",False
0.3333333333333333,200,,SVC,0.0,ovr,3,0.1,rbf,2018-01-21 16:31:10,-1,False,,True,37.6060606061,"(9900, 784)",1.0287106037139893,0.009500503540039062,0.01950669288635254,0.001,100.0,"(100, 784)",False
0.3333333333333333,200,,SVC,0.0,ovr,3,10,rbf,2018-01-21 16:31:11,-1,False,,True,18.9090909091,"(9900, 784)",1.1996748447418213,0.01514887809753418,0.024639606475830078,0.001,100.0,"(100, 784)",False
0.037037037037037035,200,,SVC,0.0,ovr,3,0.1,rbf,2018-01-21 16:31:12,-1,False,,True,37.6060606061,"(9900, 784)",1.0429024696350098,0.010148763656616211,0.020000457763671875,0.001,100.0,"(100, 784)",False
1,200,,SVC,0.0,ovr,3,1,rbf,2018-01-21 16:31:13,-1,False,,True,55.1515151515,"(9900, 784)",1.0137574672698975,0.010514497756958008,0.02228403091430664,0.001,100.0,"(100, 784)",False
3,200,,SVC,0.0,ovr,3,0.01,rbf,2018-01-21 16:31:14,-1,False,,True,80.9090909091,"(9900, 784)",1.02903151512146,0.01260232925415039,0.019903182983398438,0.001,100.0,"(100, 784)",False
0.3333333333333333,200,,SVC,0.0,ovr,3,0.01,rbf,2018-01-21 16:31:15,-1,False,,True,75.2727272727,"(9900, 784)",1.0130047798156738,0.011825084686279297,0.022367238998413086,0.001,100.0,"(100, 784)",False
0.00411522633744856,200,,SVC,0.0,ovr,3,0.1,rbf,2018-01-21 16:31:16,-1,False,,True,37.6060606061,"(9900, 784)",1.0467767715454102,0.00961446762084961,0.019074678421020508,0.001,100.0,"(100, 784)",False
9,200,,SVC,0.0,ovr,3,0.1,rbf,2018-01-21 16:31:17,-1,False,,True,49.0606060606,"(9900, 784)",1.0627851486206055,0.010987520217895508,0.021512508392333984,0.001,100.0,"(100, 784)",False
9,200,,SVC,0.0,ovr,3,0.001,rbf,2018-01-21 16:31:18,-1,False,,True,80.2929292929,"(9900, 784)",1.0146071910858154,0.01044464111328125,0.02106332778930664,0.001,100.0,"(100, 784)",False
0.037037037037037035,200,,SVC,0.0,ovr,3,0.01,rbf,2018-01-21 16:31:19,-1,False,,True,75.2727272727,"(9900, 784)",1.1499733924865723,0.010680437088012695,0.02053976058959961,0.001,100.0,"(100, 784)",False
0.00411522633744856,200,,SVC,0.0,ovr,3,10,rbf,2018-01-21 16:31:21,-1,False,,True,18.7070707071,"(9900, 784)",1.0928292274475098,0.009286642074584961,0.019222021102905273,0.001,100.0,"(100, 784)",False
0.00411522633744856,200,,SVC,0.0,ovr,3,0.1,rbf,2018-01-21 16:31:24,-1,False,,True,37.6060606061,"(9900, 784)",0.9558062553405762,0.016024112701416016,0.020315885543823242,0.001,100.0,"(100, 784)",False
27,200,,SVC,0.0,ovr,3,0.1,rbf,2018-01-21 16:31:25,-1,False,,True,49.0606060606,"(9900, 784)",0.9595425128936768,0.01021265983581543,0.020251989364624023,0.001,100.0,"(100, 784)",False
0.00411522633744856,200,,SVC,0.0,ovr,3,0.1,rbf,2018-01-21 16:31:28,-1,False,,True,37.6060606061,"(9900, 784)",0.9543485641479492,0.010594606399536133,0.019686222076416016,0.001,100.0,"(100, 784)",False
0.3333333333333333,200,,SVC,0.0,ovr,3,0.1,rbf,2018-01-21 16:31:29,-1,False,,True,37.6060606061,"(9900, 784)",0.9610035419464111,0.009481430053710938,0.019867897033691406,0.001,100.0,"(100, 784)",False
3.0,200,,SVC,0.0,ovr,3,3.0,rbf,2018-01-21 16:31:33,-1,False,,True,64.8787878788,"(9900, 784)",0.9841210842132568,0.009578704833984375,0.02213740348815918,0.001,100.0,"(100, 784)",False
0.00411522633744856,200,,SVC,0.0,ovr,3,1,rbf,2018-01-21 16:31:36,-1,False,,True,65.1212121212,"(9900, 784)",0.9539313316345215,0.013850212097167969,0.01987624168395996,0.001,100.0,"(100, 784)",False
0.00411522633744856,200,,SVC,0.0,ovr,3,0.1,rbf,2018-01-21 16:31:37,-1,False,,True,37.6060606061,"(9900, 784)",0.9713809490203857,0.009389638900756836,0.019591093063354492,0.001,100.0,"(100, 784)",False
0.012345679012345678,200,,SVC,0.0,ovr,3,0.01,rbf,2018-01-21 16:31:38,-1,False,,True,75.2727272727,"(9900, 784)",0.9728472232818604,0.010091543197631836,0.02239370346069336,0.001,100.0,"(100, 784)",False
0.3333333333333333,200,,SVC,0.0,ovr,3,1,rbf,2018-01-26 17:58:52,-1,False,,True,10.0101010101,"(9900, 45)",0.38108181953430176,0.026328563690185547,0.04792594909667969,0.001,100.0,"(500, 45)",False
243,200,,SVC,0.0,ovr,3,0.01,rbf,2018-01-26 17:58:52,-1,False,,True,82.9090909091,"(9900, 45)",0.2812674045562744,0.014761686325073242,0.030132532119750977,0.001,100.0,"(500, 45)",False
243,200,,SVC,0.0,ovr,3,10,rbf,2018-01-26 17:58:52,-1,False,,True,10.0,"(9900, 45)",0.23732995986938477,0.013448476791381836,0.024381637573242188,0.001,100.0,"(500, 45)",False
1,200,,SVC,0.0,ovr,3,1,rbf,2018-01-26 17:58:53,-1,False,,True,10.0303030303,"(9900, 45)",0.32553648948669434,0.01712179183959961,0.035349130630493164,0.001,100.0,"(500, 45)",False
0.012345679012345678,200,,SVC,0.0,ovr,3,0.1,rbf,2018-01-26 17:58:53,-1,False,,True,14.404040404,"(9900, 45)",0.38226842880249023,0.018553495407104492,0.04024648666381836,0.001,99.4,"(500, 45)",False
0.037037037037037035,200,,SVC,0.0,ovr,3,10,rbf,2018-01-26 17:58:54,-1,False,,True,10.0,"(9900, 45)",0.30349063873291016,0.01658940315246582,0.026867151260375977,0.001,100.0,"(500, 45)",False
0.1111111111111111,200,,SVC,0.0,ovr,3,0.001,rbf,2018-01-26 17:58:54,-1,False,,True,64.5858585859,"(9900, 45)",0.3811311721801758,0.019786834716796875,0.03964114189147949,0.001,81.2,"(500, 45)",False
3,200,,SVC,0.0,ovr,3,0.001,rbf,2018-01-26 17:58:54,-1,False,,True,79.8383838384,"(9900, 45)",0.2960813045501709,0.016030311584472656,0.017627954483032227,0.001,98.6,"(500, 45)",False
0.00411522633744856,200,,SVC,0.0,ovr,3,10,rbf,2018-01-26 17:58:55,-1,False,,True,10.0,"(9900, 45)",0.3016393184661865,0.016234159469604492,0.02738499641418457,0.001,100.0,"(500, 45)",False
27,200,,SVC,0.0,ovr,3,10,rbf,2018-01-26 17:58:55,-1,False,,True,10.0,"(9900, 45)",0.23455309867858887,0.013155698776245117,0.027919530868530273,0.001,100.0,"(500, 45)",False
81,200,,SVC,0.0,ovr,3,10,rbf,2018-01-26 17:58:55,-1,False,,True,10.0,"(9900, 45)",0.23657464981079102,0.013215780258178711,0.02750372886657715,0.001,100.0,"(500, 45)",False
0.1111111111111111,200,,SVC,0.0,ovr,3,0.1,rbf,2018-01-26 17:58:56,-1,False,,True,14.404040404,"(9900, 45)",0.38294219970703125,0.021348953247070312,0.03707122802734375,0.001,99.4,"(500, 45)",False
9,200,,SVC,0.0,ovr,3,0.1,rbf,2018-01-26 17:58:56,-1,False,,True,26.9898989899,"(9900, 45)",0.2913541793823242,0.014485359191894531,0.035893917083740234,0.001,100.0,"(500, 45)",False
3,200,,SVC,0.0,ovr,3,10,rbf,2018-01-26 17:58:56,-1,False,,True,10.0,"(9900, 45)",0.2372298240661621,0.012978792190551758,0.0241549015045166,0.001,100.0,"(500, 45)",False
3,200,,SVC,0.0,ovr,3,0.1,rbf,2018-01-26 17:58:57,-1,False,,True,26.9898989899,"(9900, 45)",0.29503846168518066,0.015259265899658203,0.0351252555847168,0.001,100.0,"(500, 45)",False
81,200,,SVC,0.0,ovr,3,1,rbf,2018-01-26 17:58:57,-1,False,,True,10.0303030303,"(9900, 45)",0.29987359046936035,0.016829252243041992,0.03320932388305664,0.001,100.0,"(500, 45)",False
27,200,,SVC,0.0,ovr,3,0.001,rbf,2018-01-26 17:58:57,-1,False,,True,79.9292929293,"(9900, 45)",0.22919201850891113,0.012083768844604492,0.014699935913085938,0.001,100.0,"(500, 45)",False
0.3333333333333333,200,,SVC,0.0,ovr,3,10,rbf,2018-01-26 17:58:58,-1,False,,True,10.0,"(9900, 45)",0.302354097366333,0.019431591033935547,0.027060985565185547,0.001,100.0,"(500, 45)",False
0.3333333333333333,200,,SVC,0.0,ovr,3,0.01,rbf,2018-01-26 17:58:58,-1,False,,True,80.7070707071,"(9900, 45)",0.34998416900634766,0.018279314041137695,0.02999734878540039,0.001,99.4,"(500, 45)",False
27,200,,SVC,0.0,ovr,3,1,rbf,2018-01-26 17:58:58,-1,False,,True,10.0303030303,"(9900, 45)",0.2969329357147217,0.015603303909301758,0.03462862968444824,0.001,100.0,"(500, 45)",False
0.012345679012345678,200,,SVC,0.0,ovr,3,0.01,rbf,2018-01-26 17:58:59,-1,False,,True,72.9898989899,"(9900, 45)",0.3837456703186035,0.022704601287841797,0.038736581802368164,0.001,95.2,"(500, 45)",False
243,200,,SVC,0.0,ovr,3,0.001,rbf,2018-01-26 17:58:59,-1,False,,True,80.2222222222,"(9900, 45)",0.22321343421936035,0.010899782180786133,0.014356851577758789,0.001,100.0,"(500, 45)",False
0.3333333333333333,200,,SVC,0.0,ovr,3,0.001,rbf,2018-01-26 17:58:59,-1,False,,True,67.7272727273,"(9900, 45)",0.38196659088134766,0.021151304244995117,0.034601688385009766,0.001,84.8,"(500, 45)",False
0.012345679012345678,200,,SVC,0.0,ovr,3,1,rbf,2018-01-26 17:59:00,-1,False,,True,10.0101010101,"(9900, 45)",0.38623952865600586,0.018935441970825195,0.03963351249694824,0.001,100.0,"(500, 45)",False
0.1111111111111111,200,,SVC,0.0,ovr,3,0.01,rbf,2018-01-26 17:59:00,-1,False,,True,73.2727272727,"(9900, 45)",0.3843059539794922,0.018716096878051758,0.03679466247558594,0.001,95.6,"(500, 45)",False
1,200,,SVC,0.0,ovr,3,0.1,rbf,2018-01-26 17:59:01,-1,False,,True,25.7777777778,"(9900, 45)",0.2947351932525635,0.015601158142089844,0.037720680236816406,0.001,100.0,"(500, 45)",False
0.012345679012345678,200,,SVC,0.0,ovr,3,0.001,rbf,2018-01-26 17:59:01,-1,False,,True,64.5858585859,"(9900, 45)",0.3828718662261963,0.018336772918701172,0.03708696365356445,0.001,81.2,"(500, 45)",False
0.1111111111111111,200,,SVC,0.0,ovr,3,10,rbf,2018-01-26 17:59:01,-1,False,,True,10.0,"(9900, 45)",0.3088393211364746,0.02045297622680664,0.02720046043395996,0.001,100.0,"(500, 45)",False
0.037037037037037035,200,,SVC,0.0,ovr,3,1,rbf,2018-01-26 17:59:02,-1,False,,True,10.0101010101,"(9900, 45)",0.38559842109680176,0.018522024154663086,0.037871599197387695,0.001,100.0,"(500, 45)",False
0.00411522633744856,200,,SVC,0.0,ovr,3,0.001,rbf,2018-01-26 17:59:02,-1,False,,True,64.5858585859,"(9900, 45)",0.37979793548583984,0.02081131935119629,0.04024052619934082,0.001,81.2,"(500, 45)",False
1,200,,SVC,0.0,ovr,3,0.01,rbf,2018-01-26 17:59:03,-1,False,,True,82.4848484848,"(9900, 45)",0.29106831550598145,0.01581549644470215,0.027515888214111328,0.001,100.0,"(500, 45)",False
81,200,,SVC,0.0,ovr,3,0.1,rbf,2018-01-26 17:59:03,-1,False,,True,26.9898989899,"(9900, 45)",0.2945539951324463,0.014225482940673828,0.03331446647644043,0.001,100.0,"(500, 45)",False
0.1111111111111111,200,,SVC,0.0,ovr,3,1,rbf,2018-01-26 17:59:03,-1,False,,True,10.0101010101,"(9900, 45)",0.38734865188598633,0.019993066787719727,0.04081535339355469,0.001,100.0,"(500, 45)",False
243,200,,SVC,0.0,ovr,3,1,rbf,2018-01-26 17:59:04,-1,False,,True,10.0303030303,"(9900, 45)",0.2986476421356201,0.01452779769897461,0.033464670181274414,0.001,100.0,"(500, 45)",False
81,200,,SVC,0.0,ovr,3,0.001,rbf,2018-01-26 17:59:04,-1,False,,True,80.2222222222,"(9900, 45)",0.2205963134765625,0.014934301376342773,0.012754440307617188,0.001,100.0,"(500, 45)",False
0.00411522633744856,200,,SVC,0.0,ovr,3,1,rbf,2018-01-26 17:59:05,-1,False,,True,10.0101010101,"(9900, 45)",0.38308215141296387,0.018341541290283203,0.03756308555603027,0.001,100.0,"(500, 45)",False
0.3333333333333333,200,,SVC,0.0,ovr,3,0.1,rbf,2018-01-26 17:59:05,-1,False,,True,17.1313131313,"(9900, 45)",0.38166284561157227,0.020784854888916016,0.04003477096557617,0.001,100.0,"(500, 45)",False
81,200,,SVC,0.0,ovr,3,0.01,rbf,2018-01-26 17:59:05,-1,False,,True,82.9090909091,"(9900, 45)",0.27977490425109863,0.01468515396118164,0.02941107749938965,0.001,100.0,"(500, 45)",False
1,200,,SVC,0.0,ovr,3,10,rbf,2018-01-26 17:59:06,-1,False,,True,10.0,"(9900, 45)",0.26717090606689453,0.014396429061889648,0.026070594787597656,0.001,100.0,"(500, 45)",False
27,200,,SVC,0.0,ovr,3,0.1,rbf,2018-01-26 17:59:06,-1,False,,True,26.9898989899,"(9900, 45)",0.29774022102355957,0.014211416244506836,0.03353166580200195,0.001,100.0,"(500, 45)",False
0.012345679012345678,200,,SVC,0.0,ovr,3,10,rbf,2018-01-26 17:59:06,-1,False,,True,10.0,"(9900, 45)",0.3025784492492676,0.015474796295166016,0.031922101974487305,0.001,100.0,"(500, 45)",False
0.037037037037037035,200,,SVC,0.0,ovr,3,0.1,rbf,2018-01-26 17:59:07,-1,False,,True,14.404040404,"(9900, 45)",0.384258508682251,0.018410205841064453,0.03743481636047363,0.001,99.4,"(500, 45)",False
9,200,,SVC,0.0,ovr,3,1,rbf,2018-01-26 17:59:07,-1,False,,True,10.0303030303,"(9900, 45)",0.2957322597503662,0.01590132713317871,0.03598952293395996,0.001,100.0,"(500, 45)",False
9,200,,SVC,0.0,ovr,3,0.01,rbf,2018-01-26 17:59:07,-1,False,,True,82.9090909091,"(9900, 45)",0.2809486389160156,0.01542806625366211,0.027315139770507812,0.001,100.0,"(500, 45)",False
27,200,,SVC,0.0,ovr,3,0.01,rbf,2018-01-26 17:59:08,-1,False,,True,82.9090909091,"(9900, 45)",0.27779483795166016,0.015067338943481445,0.02704310417175293,0.001,100.0,"(500, 45)",False
0.037037037037037035,200,,SVC,0.0,ovr,3,0.001,rbf,2018-01-26 17:59:08,-1,False,,True,64.5858585859,"(9900, 45)",0.3822133541107178,0.020414352416992188,0.03900504112243652,0.001,81.2,"(500, 45)",False
9,200,,SVC,0.0,ovr,3,0.001,rbf,2018-01-26 17:59:08,-1,False,,True,80.1515151515,"(9900, 45)",0.23967814445495605,0.013132810592651367,0.014861822128295898,0.001,99.8,"(500, 45)",False
9,200,,SVC,0.0,ovr,3,10,rbf,2018-01-26 17:59:09,-1,False,,True,10.0,"(9900, 45)",0.2375812530517578,0.014134407043457031,0.02902507781982422,0.001,100.0,"(500, 45)",False
1,200,,SVC,0.0,ovr,3,0.001,rbf,2018-01-26 17:59:09,-1,False,,True,76.303030303,"(9900, 45)",0.36276936531066895,0.022426605224609375,0.024147987365722656,0.001,93.6,"(500, 45)",False
243,200,,SVC,0.0,ovr,3,0.1,rbf,2018-01-26 17:59:09,-1,False,,True,26.9898989899,"(9900, 45)",0.2954895496368408,0.016626596450805664,0.03611040115356445,0.001,100.0,"(500, 45)",False
3,200,,SVC,0.0,ovr,3,1,rbf,2018-01-26 17:59:10,-1,False,,True,10.0303030303,"(9900, 45)",0.2976875305175781,0.014674663543701172,0.03358268737792969,0.001,100.0,"(500, 45)",False
3,200,,SVC,0.0,ovr,3,0.01,rbf,2018-01-26 17:59:10,-1,False,,True,82.9090909091,"(9900, 45)",0.27678418159484863,0.01923537254333496,0.026645898818969727,0.001,100.0,"(500, 45)",False
0.037037037037037035,200,,SVC,0.0,ovr,3,0.01,rbf,2018-01-26 17:59:11,-1,False,,True,72.9898989899,"(9900, 45)",0.3843808174133301,0.0184018611907959,0.04068565368652344,0.001,95.2,"(500, 45)",False
0.00411522633744856,200,,SVC,0.0,ovr,3,0.1,rbf,2018-01-26 17:59:11,-1,False,,True,14.404040404,"(9900, 45)",0.3868732452392578,0.01857614517211914,0.037268638610839844,0.001,99.4,"(500, 45)",False
0.00411522633744856,200,,SVC,0.0,ovr,3,0.01,rbf,2018-01-26 17:59:11,-1,False,,True,72.9898989899,"(9900, 45)",0.38285255432128906,0.020058393478393555,0.04045677185058594,0.001,95.2,"(500, 45)",False
27,200,,SVC,0.0,ovr,3,0.01,rbf,2018-01-26 18:00:42,-1,False,,True,82.2323232323,"(9900, 45)",0.4451594352722168,0.04448890686035156,0.07088947296142578,0.001,100.0,"(1000, 45)",False
1,200,,SVC,0.0,ovr,3,0.1,rbf,2018-01-26 18:00:42,-1,False,,True,26.0,"(9900, 45)",0.5368297100067139,0.05673551559448242,0.12251996994018555,0.001,100.0,"(1000, 45)",False
0.037037037037037035,200,,SVC,0.0,ovr,3,0.1,rbf,2018-01-26 18:00:43,-1,False,,True,14.3434343434,"(9900, 45)",0.7703151702880859,0.08248043060302734,0.14397025108337402,0.001,99.2,"(1000, 45)",False
0.00411522633744856,200,,SVC,0.0,ovr,3,1,rbf,2018-01-26 18:00:44,-1,False,,True,10.0202020202,"(9900, 45)",0.7673859596252441,0.08053469657897949,0.14306926727294922,0.001,100.0,"(1000, 45)",False
0.037037037037037035,200,,SVC,0.0,ovr,3,0.001,rbf,2018-01-26 18:00:45,-1,False,,True,64.7676767677,"(9900, 45)",0.7609639167785645,0.0796205997467041,0.1443643569946289,0.001,77.3,"(1000, 45)",False
1,200,,SVC,0.0,ovr,3,10,rbf,2018-01-26 18:00:46,-1,False,,True,10.0,"(9900, 45)",0.5826747417449951,0.05747842788696289,0.10352873802185059,0.001,100.0,"(1000, 45)",False
0.00411522633744856,200,,SVC,0.0,ovr,3,0.001,rbf,2018-01-26 18:00:47,-1,False,,True,64.7676767677,"(9900, 45)",0.7666873931884766,0.07655215263366699,0.14630126953125,0.001,77.3,"(1000, 45)",False
27,200,,SVC,0.0,ovr,3,0.001,rbf,2018-01-26 18:00:47,-1,False,,True,79.0202020202,"(9900, 45)",0.2985374927520752,0.03477191925048828,0.028987407684326172,0.001,100.0,"(1000, 45)",False
243,200,,SVC,0.0,ovr,3,0.1,rbf,2018-01-26 18:00:48,-1,False,,True,25.9898989899,"(9900, 45)",0.5627286434173584,0.05649161338806152,0.13124370574951172,0.001,100.0,"(1000, 45)",False
0.012345679012345678,200,,SVC,0.0,ovr,3,0.001,rbf,2018-01-26 18:00:49,-1,False,,True,64.7676767677,"(9900, 45)",0.7916765213012695,0.07848882675170898,0.15437960624694824,0.001,77.3,"(1000, 45)",False
0.1111111111111111,200,,SVC,0.0,ovr,3,1,rbf,2018-01-26 18:00:50,-1,False,,True,10.0202020202,"(9900, 45)",0.7855241298675537,0.08576822280883789,0.15186762809753418,0.001,100.0,"(1000, 45)",False
0.012345679012345678,200,,SVC,0.0,ovr,3,1,rbf,2018-01-26 18:00:51,-1,False,,True,10.0202020202,"(9900, 45)",0.8112921714782715,0.08162164688110352,0.14729809761047363,0.001,100.0,"(1000, 45)",False
0.012345679012345678,200,,SVC,0.0,ovr,3,10,rbf,2018-01-26 18:00:52,-1,False,,True,10.0,"(9900, 45)",0.6490399837493896,0.0719137191772461,0.12133550643920898,0.001,100.0,"(1000, 45)",False
0.037037037037037035,200,,SVC,0.0,ovr,3,0.01,rbf,2018-01-26 18:00:53,-1,False,,True,72.8686868687,"(9900, 45)",0.9519269466400146,0.09338021278381348,0.15132999420166016,0.001,94.0,"(1000, 45)",False
27,200,,SVC,0.0,ovr,3,10,rbf,2018-01-26 18:00:54,-1,False,,True,10.0,"(9900, 45)",0.468731164932251,0.05405783653259277,0.13793063163757324,0.001,100.0,"(1000, 45)",False
9,200,,SVC,0.0,ovr,3,0.001,rbf,2018-01-26 18:00:54,-1,False,,True,78.6464646465,"(9900, 45)",0.37586283683776855,0.04361224174499512,0.03377389907836914,0.001,100.0,"(1000, 45)",False
81,200,,SVC,0.0,ovr,3,0.1,rbf,2018-01-26 18:00:55,-1,False,,True,25.9898989899,"(9900, 45)",0.5679330825805664,0.05161452293395996,0.12644124031066895,0.001,100.0,"(1000, 45)",False
0.1111111111111111,200,,SVC,0.0,ovr,3,0.001,rbf,2018-01-26 18:00:56,-1,False,,True,64.8484848485,"(9900, 45)",0.941403865814209,0.08644962310791016,0.14595913887023926,0.001,77.4,"(1000, 45)",False
0.037037037037037035,200,,SVC,0.0,ovr,3,10,rbf,2018-01-26 18:00:57,-1,False,,True,10.0,"(9900, 45)",0.6659514904022217,0.06755733489990234,0.1209876537322998,0.001,100.0,"(1000, 45)",False
0.3333333333333333,200,,SVC,0.0,ovr,3,1,rbf,2018-01-26 18:00:58,-1,False,,True,10.0202020202,"(9900, 45)",0.8168485164642334,0.0872507095336914,0.15613722801208496,0.001,100.0,"(1000, 45)",False
9,200,,SVC,0.0,ovr,3,10,rbf,2018-01-26 18:00:59,-1,False,,True,10.0,"(9900, 45)",0.4947214126586914,0.04714536666870117,0.09696340560913086,0.001,100.0,"(1000, 45)",False
243,200,,SVC,0.0,ovr,3,1,rbf,2018-01-26 18:01:00,-1,False,,True,10.0303030303,"(9900, 45)",0.6153135299682617,0.05866694450378418,0.12984514236450195,0.001,100.0,"(1000, 45)",False
3,200,,SVC,0.0,ovr,3,0.01,rbf,2018-01-26 18:01:00,-1,False,,True,82.2323232323,"(9900, 45)",0.5112690925598145,0.05031776428222656,0.06380915641784668,0.001,100.0,"(1000, 45)",False
1,200,,SVC,0.0,ovr,3,1,rbf,2018-01-26 18:01:01,-1,False,,True,10.0202020202,"(9900, 45)",0.7252781391143799,0.07525992393493652,0.1371142864227295,0.001,100.0,"(1000, 45)",False
3,200,,SVC,0.0,ovr,3,10,rbf,2018-01-26 18:01:02,-1,False,,True,10.0,"(9900, 45)",0.6576378345489502,0.05261635780334473,0.09653091430664062,0.001,100.0,"(1000, 45)",False
0.012345679012345678,200,,SVC,0.0,ovr,3,0.1,rbf,2018-01-26 18:01:03,-1,False,,True,14.3434343434,"(9900, 45)",0.8546974658966064,0.1112821102142334,0.19362568855285645,0.001,99.2,"(1000, 45)",False
81,200,,SVC,0.0,ovr,3,0.001,rbf,2018-01-26 18:01:04,-1,False,,True,78.5555555556,"(9900, 45)",0.29837560653686523,0.029140949249267578,0.029247283935546875,0.001,100.0,"(1000, 45)",False
9,200,,SVC,0.0,ovr,3,0.1,rbf,2018-01-26 18:01:04,-1,False,,True,25.9898989899,"(9900, 45)",0.7369205951690674,0.09297728538513184,0.12901091575622559,0.001,100.0,"(1000, 45)",False
0.00411522633744856,200,,SVC,0.0,ovr,3,10,rbf,2018-01-26 18:01:05,-1,False,,True,10.0,"(9900, 45)",0.6380293369293213,0.07209420204162598,0.1351027488708496,0.001,100.0,"(1000, 45)",False
3,200,,SVC,0.0,ovr,3,0.001,rbf,2018-01-26 18:01:06,-1,False,,True,78.9191919192,"(9900, 45)",0.5414173603057861,0.050170183181762695,0.0495147705078125,0.001,99.4,"(1000, 45)",False
0.1111111111111111,200,,SVC,0.0,ovr,3,10,rbf,2018-01-26 18:01:07,-1,False,,True,10.0,"(9900, 45)",0.6368298530578613,0.06720352172851562,0.1175532341003418,0.001,100.0,"(1000, 45)",False
0.1111111111111111,200,,SVC,0.0,ovr,3,0.01,rbf,2018-01-26 18:01:08,-1,False,,True,78.1414141414,"(9900, 45)",0.899043083190918,0.07666158676147461,0.11465692520141602,0.001,97.2,"(1000, 45)",False
0.1111111111111111,200,,SVC,0.0,ovr,3,0.1,rbf,2018-01-26 18:01:09,-1,False,,True,14.3434343434,"(9900, 45)",0.8559083938598633,0.08524322509765625,0.15509319305419922,0.001,99.2,"(1000, 45)",False
0.3333333333333333,200,,SVC,0.0,ovr,3,0.01,rbf,2018-01-26 18:01:10,-1,False,,True,81.6363636364,"(9900, 45)",0.6422135829925537,0.06031942367553711,0.0743553638458252,0.001,99.9,"(1000, 45)",False
243,200,,SVC,0.0,ovr,3,0.01,rbf,2018-01-26 18:01:10,-1,False,,True,82.2323232323,"(9900, 45)",0.5102458000183105,0.05574297904968262,0.058824777603149414,0.001,100.0,"(1000, 45)",False
243,200,,SVC,0.0,ovr,3,10,rbf,2018-01-26 18:01:11,-1,False,,True,10.0,"(9900, 45)",0.548783540725708,0.07504129409790039,0.09473872184753418,0.001,100.0,"(1000, 45)",False
243,200,,SVC,0.0,ovr,3,0.001,rbf,2018-01-26 18:01:11,-1,False,,True,78.5555555556,"(9900, 45)",0.3298623561859131,0.033959388732910156,0.028514623641967773,0.001,100.0,"(1000, 45)",False
0.3333333333333333,200,,SVC,0.0,ovr,3,10,rbf,2018-01-26 18:01:12,-1,False,,True,10.0,"(9900, 45)",0.652940034866333,0.06491351127624512,0.16392731666564941,0.001,100.0,"(1000, 45)",False
3,200,,SVC,0.0,ovr,3,1,rbf,2018-01-26 18:01:13,-1,False,,True,10.0303030303,"(9900, 45)",0.7560305595397949,0.0664668083190918,0.1525099277496338,0.001,100.0,"(1000, 45)",False
9,200,,SVC,0.0,ovr,3,1,rbf,2018-01-26 18:01:14,-1,False,,True,10.0303030303,"(9900, 45)",0.6332216262817383,0.054802656173706055,0.12987136840820312,0.001,100.0,"(1000, 45)",False
1,200,,SVC,0.0,ovr,3,0.01,rbf,2018-01-26 18:01:15,-1,False,,True,82.3232323232,"(9900, 45)",0.5051054954528809,0.05405712127685547,0.06096911430358887,0.001,100.0,"(1000, 45)",False
0.00411522633744856,200,,SVC,0.0,ovr,3,0.01,rbf,2018-01-26 18:01:16,-1,False,,True,72.8585858586,"(9900, 45)",0.8421354293823242,0.09298157691955566,0.1596217155456543,0.001,94.0,"(1000, 45)",False
0.012345679012345678,200,,SVC,0.0,ovr,3,0.01,rbf,2018-01-26 18:01:17,-1,False,,True,72.8585858586,"(9900, 45)",0.7836265563964844,0.08045291900634766,0.1460409164428711,0.001,94.0,"(1000, 45)",False
81,200,,SVC,0.0,ovr,3,0.01,rbf,2018-01-26 18:01:18,-1,False,,True,82.2323232323,"(9900, 45)",0.49300622940063477,0.05205035209655762,0.05698537826538086,0.001,100.0,"(1000, 45)",False
81,200,,SVC,0.0,ovr,3,1,rbf,2018-01-26 18:01:18,-1,False,,True,10.0303030303,"(9900, 45)",0.6030828952789307,0.06179952621459961,0.1224966049194336,0.001,100.0,"(1000, 45)",False
27,200,,SVC,0.0,ovr,3,1,rbf,2018-01-26 18:01:19,-1,False,,True,10.0303030303,"(9900, 45)",0.6095657348632812,0.07236194610595703,0.13451695442199707,0.001,100.0,"(1000, 45)",False
0.00411522633744856,200,,SVC,0.0,ovr,3,0.1,rbf,2018-01-26 18:01:20,-1,False,,True,14.3434343434,"(9900, 45)",0.8608016967773438,0.07651066780090332,0.15229558944702148,0.001,99.2,"(1000, 45)",False
81,200,,SVC,0.0,ovr,3,10,rbf,2018-01-26 18:01:21,-1,False,,True,10.0,"(9900, 45)",0.4961273670196533,0.05093216896057129,0.11175537109375,0.001,100.0,"(1000, 45)",False
9,200,,SVC,0.0,ovr,3,0.01,rbf,2018-01-26 18:01:22,-1,False,,True,82.2323232323,"(9900, 45)",0.6273362636566162,0.07214951515197754,0.06531238555908203,0.001,100.0,"(1000, 45)",False
0.3333333333333333,200,,SVC,0.0,ovr,3,0.001,rbf,2018-01-26 18:01:23,-1,False,,True,73.6262626263,"(9900, 45)",1.0322771072387695,0.10582280158996582,0.1380319595336914,0.001,88.8,"(1000, 45)",False
0.3333333333333333,200,,SVC,0.0,ovr,3,0.1,rbf,2018-01-26 18:01:24,-1,False,,True,20.1212121212,"(9900, 45)",0.7828927040100098,0.08866310119628906,0.1608731746673584,0.001,100.0,"(1000, 45)",False
27,200,,SVC,0.0,ovr,3,0.1,rbf,2018-01-26 18:01:25,-1,False,,True,25.9898989899,"(9900, 45)",0.5848968029022217,0.0573270320892334,0.12437081336975098,0.001,100.0,"(1000, 45)",False
1,200,,SVC,0.0,ovr,3,0.001,rbf,2018-01-26 18:01:26,-1,False,,True,78.1515151515,"(9900, 45)",0.7514808177947998,0.06786918640136719,0.07613444328308105,0.001,97.2,"(1000, 45)",False
3,200,,SVC,0.0,ovr,3,0.1,rbf,2018-01-26 18:01:26,-1,False,,True,25.9898989899,"(9900, 45)",0.5428049564361572,0.05569648742675781,0.12053179740905762,0.001,100.0,"(1000, 45)",False
0.037037037037037035,200,,SVC,0.0,ovr,3,1,rbf,2018-01-26 18:01:27,-1,False,,True,10.0202020202,"(9900, 45)",0.9048025608062744,0.08596658706665039,0.14477252960205078,0.001,100.0,"(1000, 45)",False
0.012345679012345678,200,,SVC,0.0,ovr,3,0.001,rbf,2018-01-27 01:28:11,-1,False,,True,85.4,"(1000, 784)",42.447490215301514,1896.1384246349335,2809.3105053901672,0.001,84.8377777778,"(45000, 784)",False
3,200,,SVC,0.0,ovr,3,0.0001,rbf,2018-01-27 01:52:53,-1,False,,True,93.2,"(1000, 784)",19.499670267105103,878.2294738292694,584.5755553245544,0.001,94.4444444444,"(45000, 784)",False
9,200,,SVC,0.0,ovr,3,0.001,rbf,2018-01-27 02:03:58,-1,False,,True,96.2,"(1000, 784)",9.695433616638184,435.9835879802704,219.5211672782898,0.001,99.3844444444,"(45000, 784)",False
0.3333333333333333,200,,SVC,0.0,ovr,3,0.001,rbf,2018-01-27 02:28:33,-1,False,,True,93.8,"(1000, 784)",19.54641318321228,874.3244755268097,581.2042181491852,0.001,95.1533333333,"(45000, 784)",False
0.012345679012345678,200,,SVC,0.0,ovr,3,0.0001,rbf,2018-01-27 04:10:22,-1,False,,True,7.8,"(1000, 784)",44.76627278327942,2021.4227426052094,4042.295572757721,0.001,10.2511111111,"(45000, 784)",False
81,200,,SVC,0.0,ovr,3,0.001,rbf,2018-01-27 04:20:56,-1,False,,True,96.6,"(1000, 784)",9.27060055732727,417.254154920578,207.77646207809448,0.001,100.0,"(45000, 784)",False
3,200,,SVC,0.0,ovr,3,0.001,rbf,2018-01-27 04:34:03,-1,False,,True,95.4,"(1000, 784)",11.222505331039429,506.12426590919495,269.2098813056946,0.001,98.32,"(45000, 784)",False
27,200,,SVC,0.0,ovr,3,0.0001,rbf,2018-01-27 04:47:30,-1,False,,True,93.8,"(1000, 784)",11.563915729522705,521.5551652908325,274.5716743469238,0.001,96.7488888889,"(45000, 784)",False
81,200,,SVC,0.0,ovr,3,0.0001,rbf,2018-01-27 04:58:45,-1,False,,True,93.7,"(1000, 784)",9.740299463272095,440.7427775859833,223.55442023277283,0.001,98.0177777778,"(45000, 784)",False
0.3333333333333333,200,,SVC,0.0,ovr,3,0.0001,rbf,2018-01-27 05:50:02,-1,False,,True,90.5,"(1000, 784)",34.00306582450867,1537.9474601745605,1505.0915458202362,0.001,89.8066666667,"(45000, 784)",False
1,200,,SVC,0.0,ovr,3,0.0001,rbf,2018-01-27 06:25:24,-1,False,,True,92.3,"(1000, 784)",26.2542986869812,1176.8595733642578,919.1997187137604,0.001,92.64,"(45000, 784)",False
9,200,,SVC,0.0,ovr,3,0.0001,rbf,2018-01-27 06:43:01,-1,False,,True,93.9,"(1000, 784)",14.615612983703613,655.9419143199921,386.7356307506561,0.001,95.5377777778,"(45000, 784)",False
0.037037037037037035,200,,SVC,0.0,ovr,3,0.001,rbf,2018-01-27 07:35:14,-1,False,,True,90.9,"(1000, 784)",34.23327159881592,1547.2860743999481,1551.6794657707214,0.001,90.16,"(45000, 784)",False
0.1111111111111111,200,,SVC,0.0,ovr,3,0.001,rbf,2018-01-27 08:11:04,-1,False,,True,92.4,"(1000, 784)",26.3668372631073,1183.43430352211,939.4237747192383,0.001,93.2,"(45000, 784)",False
243,200,,SVC,0.0,ovr,3,0.0001,rbf,2018-01-27 08:21:22,-1,False,,True,93.6,"(1000, 784)",8.995118141174316,404.4368631839752,205.14295315742493,0.001,98.9711111111,"(45000, 784)",False
0.037037037037037035,200,,SVC,0.0,ovr,3,0.0001,rbf,2018-01-27 09:56:27,-1,False,,True,73.6,"(1000, 784)",44.78174185752869,2011.8622949123383,3647.598330259323,0.001,72.96,"(45000, 784)",False
0.00411522633744856,200,,SVC,0.0,ovr,3,0.0001,rbf,2018-01-27 11:38:11,-1,False,,True,7.8,"(1000, 784)",44.907737493515015,2017.9185273647308,4041.438294172287,0.001,10.2444444444,"(45000, 784)",False
0.00411522633744856,200,,SVC,0.0,ovr,3,0.001,rbf,2018-01-27 13:14:28,-1,False,,True,69.8,"(1000, 784)",44.49392580986023,2006.952609539032,3725.9323632717133,0.001,70.5111111111,"(45000, 784)",False
243,200,,SVC,0.0,ovr,3,0.001,rbf,2018-01-27 13:25:03,-1,False,,True,96.4,"(1000, 784)",9.153073072433472,417.34865045547485,208.04147839546204,0.001,100.0,"(45000, 784)",False
27,200,,SVC,0.0,ovr,3,0.001,rbf,2018-01-27 13:35:32,-1,False,,True,96.7,"(1000, 784)",9.18250584602356,413.91913318634033,206.12298893928528,0.001,99.8666666667,"(45000, 784)",False
1,200,,SVC,0.0,ovr,3,0.001,rbf,2018-01-27 13:52:51,-1,False,,True,94.8,"(1000, 784)",14.209400177001953,646.7708494663239,377.60100531578064,0.001,96.6511111111,"(45000, 784)",False
243,200,,SVC,0.0,ovr,3,0.0001,rbf,2018-02-02 14:01:49,-1,False,,True,78.6868686869,"(9900, 45)",0.4019660949707031,0.014078855514526367,0.04291081428527832,0.001,100.0,"(500, 45)",False
3,200,,SVC,0.0,ovr,3,0.0001,rbf,2018-02-02 14:01:49,-1,False,,True,67.101010101,"(9900, 45)",0.37153100967407227,0.018626689910888672,0.04063296318054199,0.001,83.8,"(500, 45)",False
0.00411522633744856,200,,SVC,0.0,ovr,3,0.0001,rbf,2018-02-02 14:01:50,-1,False,,True,63.1919191919,"(9900, 45)",0.37599706649780273,0.019594430923461914,0.03829693794250488,0.001,77.0,"(500, 45)",False
0.1111111111111111,200,,SVC,0.0,ovr,3,0.0001,rbf,2018-02-02 14:01:50,-1,False,,True,63.1919191919,"(9900, 45)",0.3723337650299072,0.02015542984008789,0.038236141204833984,0.001,77.0,"(500, 45)",False
0.3333333333333333,200,,SVC,0.0,ovr,3,0.0001,rbf,2018-02-02 14:01:50,-1,False,,True,63.1919191919,"(9900, 45)",0.3720104694366455,0.018923044204711914,0.03860592842102051,0.001,77.0,"(500, 45)",False
0.012345679012345678,200,,SVC,0.0,ovr,3,0.0001,rbf,2018-02-02 14:01:51,-1,False,,True,63.1919191919,"(9900, 45)",0.37468528747558594,0.019617319107055664,0.0377345085144043,0.001,77.0,"(500, 45)",False
3,200,,SVC,0.0,ovr,3,0.001,rbf,2018-02-02 14:01:51,-1,False,,True,79.7575757576,"(9900, 45)",0.2929675579071045,0.016425132751464844,0.017372608184814453,0.001,98.6,"(500, 45)",False
27,200,,SVC,0.0,ovr,3,0.0001,rbf,2018-02-02 14:01:52,-1,False,,True,78.8484848485,"(9900, 45)",0.29854273796081543,0.016507625579833984,0.01692986488342285,0.001,98.0,"(500, 45)",False
0.00411522633744856,200,,SVC,0.0,ovr,3,0.001,rbf,2018-02-02 14:01:52,-1,False,,True,64.5353535354,"(9900, 45)",0.36703038215637207,0.02008056640625,0.03750467300415039,0.001,81.4,"(500, 45)",False
0.1111111111111111,200,,SVC,0.0,ovr,3,0.001,rbf,2018-02-02 14:01:52,-1,False,,True,64.5353535354,"(9900, 45)",0.3752732276916504,0.019979000091552734,0.037717342376708984,0.001,81.4,"(500, 45)",False
0.3333333333333333,200,,SVC,0.0,ovr,3,0.001,rbf,2018-02-02 14:01:53,-1,False,,True,67.6262626263,"(9900, 45)",0.37196993827819824,0.018864154815673828,0.03449296951293945,0.001,84.8,"(500, 45)",False
0.037037037037037035,200,,SVC,0.0,ovr,3,0.001,rbf,2018-02-02 14:01:53,-1,False,,True,64.5353535354,"(9900, 45)",0.3741648197174072,0.018886089324951172,0.038138628005981445,0.001,81.4,"(500, 45)",False
243,200,,SVC,0.0,ovr,3,0.001,rbf,2018-02-02 14:01:53,-1,False,,True,80.1616161616,"(9900, 45)",0.20621109008789062,0.011973142623901367,0.012656927108764648,0.001,100.0,"(500, 45)",False
81,200,,SVC,0.0,ovr,3,0.001,rbf,2018-02-02 14:01:54,-1,False,,True,80.1616161616,"(9900, 45)",0.21500802040100098,0.012057065963745117,0.012637615203857422,0.001,100.0,"(500, 45)",False
9,200,,SVC,0.0,ovr,3,0.001,rbf,2018-02-02 14:01:54,-1,False,,True,80.0808080808,"(9900, 45)",0.23411250114440918,0.01264190673828125,0.013794660568237305,0.001,99.8,"(500, 45)",False
81,200,,SVC,0.0,ovr,3,0.0001,rbf,2018-02-02 14:01:54,-1,False,,True,79.2323232323,"(9900, 45)",0.23210740089416504,0.013220787048339844,0.012790203094482422,0.001,99.2,"(500, 45)",False
27,200,,SVC,0.0,ovr,3,0.001,rbf,2018-02-02 14:01:54,-1,False,,True,79.8888888889,"(9900, 45)",0.2219679355621338,0.012174606323242188,0.012634754180908203,0.001,100.0,"(500, 45)",False
1,200,,SVC,0.0,ovr,3,0.001,rbf,2018-02-02 14:01:55,-1,False,,True,76.3636363636,"(9900, 45)",0.3503246307373047,0.020228147506713867,0.025015592575073242,0.001,93.8,"(500, 45)",False
0.012345679012345678,200,,SVC,0.0,ovr,3,0.001,rbf,2018-02-02 14:01:55,-1,False,,True,64.5353535354,"(9900, 45)",0.37005066871643066,0.01957988739013672,0.03815746307373047,0.001,81.4,"(500, 45)",False
1,200,,SVC,0.0,ovr,3,0.0001,rbf,2018-02-02 14:01:56,-1,False,,True,63.1919191919,"(9900, 45)",0.3748319149017334,0.019698143005371094,0.03719735145568848,0.001,77.0,"(500, 45)",False
9,200,,SVC,0.0,ovr,3,0.0001,rbf,2018-02-02 14:01:56,-1,False,,True,75.6060606061,"(9900, 45)",0.35059595108032227,0.019642114639282227,0.024173974990844727,0.001,93.4,"(500, 45)",False
0.037037037037037035,200,,SVC,0.0,ovr,3,0.0001,rbf,2018-02-02 14:01:57,-1,False,,True,63.1919191919,"(9900, 45)",0.3719139099121094,0.01856255531311035,0.037633419036865234,0.001,77.0,"(500, 45)",False
0.037037037037037035,200,,SVC,0.0,ovr,3,3.0,rbf,2018-02-02 14:07:19,-1,False,,True,10.0,"(9900, 45)",0.5076043605804443,0.0349125862121582,0.0577695369720459,0.001,100.0,"(500, 45)",False
0.012345679012345678,200,,SVC,0.0,ovr,3,3.0,rbf,2018-02-02 14:07:19,-1,False,,True,10.0,"(9900, 45)",0.5294482707977295,0.029139041900634766,0.04170870780944824,0.001,100.0,"(500, 45)",False
243,200,,SVC,0.0,ovr,3,3.0,rbf,2018-02-02 14:07:20,-1,False,,True,10.0,"(9900, 45)",0.39414095878601074,0.021924734115600586,0.03631091117858887,0.001,100.0,"(500, 45)",False
9,200,,SVC,0.0,ovr,3,3.0,rbf,2018-02-02 14:07:20,-1,False,,True,10.0,"(9900, 45)",0.3935537338256836,0.022089242935180664,0.035884857177734375,0.001,100.0,"(500, 45)",False
1,200,,SVC,0.0,ovr,3,3.0,rbf,2018-02-02 14:07:21,-1,False,,True,10.0,"(9900, 45)",0.4370911121368408,0.025490283966064453,0.03783917427062988,0.001,100.0,"(500, 45)",False
27,200,,SVC,0.0,ovr,3,3.0,rbf,2018-02-02 14:07:21,-1,False,,True,10.0,"(9900, 45)",0.3893260955810547,0.022254467010498047,0.03648805618286133,0.001,100.0,"(500, 45)",False
81,200,,SVC,0.0,ovr,3,3.0,rbf,2018-02-02 14:07:22,-1,False,,True,10.0,"(9900, 45)",0.38845086097717285,0.022384166717529297,0.03672432899475098,0.001,100.0,"(500, 45)",False
3,200,,SVC,0.0,ovr,3,3.0,rbf,2018-02-02 14:07:22,-1,False,,True,10.0,"(9900, 45)",0.3927452564239502,0.02204418182373047,0.03616642951965332,0.001,100.0,"(500, 45)",False
0.00411522633744856,200,,SVC,0.0,ovr,3,3.0,rbf,2018-02-02 14:07:23,-1,False,,True,10.0,"(9900, 45)",0.5203521251678467,0.029375076293945312,0.041141510009765625,0.001,100.0,"(500, 45)",False
0.1111111111111111,200,,SVC,0.0,ovr,3,3.0,rbf,2018-02-02 14:07:23,-1,False,,True,10.0,"(9900, 45)",0.506018877029419,0.028424978256225586,0.042319297790527344,0.001,100.0,"(500, 45)",False
0.3333333333333333,200,,SVC,0.0,ovr,3,3.0,rbf,2018-02-02 14:07:24,-1,False,,True,10.0,"(9900, 45)",0.5080418586730957,0.0272977352142334,0.04197955131530762,0.001,100.0,"(500, 45)",False
81,200,,SVC,0.0,ovr,3,0.001,rbf,2018-02-02 14:18:04,-1,False,,True,80.1515151515,"(9900, 45)",0.22235941886901855,0.023977279663085938,0.019290924072265625,0.001,100.0,"(500, 45)",False
243,200,,SVC,0.0,ovr,3,0.0001,rbf,2018-02-02 14:18:04,-1,False,,True,78.7474747475,"(9900, 45)",0.20509052276611328,0.011756658554077148,0.013060808181762695,0.001,100.0,"(500, 45)",False
0.012345679012345678,200,,SVC,0.0,ovr,3,0.001,rbf,2018-02-02 14:18:05,-1,False,,True,64.5050505051,"(9900, 45)",0.37769293785095215,0.019010066986083984,0.03889346122741699,0.001,81.0,"(500, 45)",False
0.00411522633744856,200,,SVC,0.0,ovr,3,0.0001,rbf,2018-02-02 14:18:05,-1,False,,True,63.1111111111,"(9900, 45)",0.37479567527770996,0.019906044006347656,0.03797268867492676,0.001,77.0,"(500, 45)",False
3,200,,SVC,0.0,ovr,3,0.0001,rbf,2018-02-02 14:18:05,-1,False,,True,67.0707070707,"(9900, 45)",0.37331652641296387,0.019874095916748047,0.03598666191101074,0.001,84.0,"(500, 45)",False
0.037037037037037035,200,,SVC,0.0,ovr,3,0.001,rbf,2018-02-02 14:18:06,-1,False,,True,64.5050505051,"(9900, 45)",0.37325382232666016,0.01917743682861328,0.03982353210449219,0.001,81.0,"(500, 45)",False
9,200,,SVC,0.0,ovr,3,0.0001,rbf,2018-02-02 14:18:06,-1,False,,True,75.6464646465,"(9900, 45)",0.36389613151550293,0.020229101181030273,0.024283885955810547,0.001,93.4,"(500, 45)",False
3,200,,SVC,0.0,ovr,3,0.001,rbf,2018-02-02 14:18:07,-1,False,,True,79.7070707071,"(9900, 45)",0.2909071445465088,0.016885042190551758,0.017796754837036133,0.001,98.8,"(500, 45)",False
81,200,,SVC,0.0,ovr,3,0.0001,rbf,2018-02-02 14:18:07,-1,False,,True,79.1313131313,"(9900, 45)",0.23862743377685547,0.01360774040222168,0.013720989227294922,0.001,99.2,"(500, 45)",False
0.1111111111111111,200,,SVC,0.0,ovr,3,0.001,rbf,2018-02-02 14:18:07,-1,False,,True,64.5050505051,"(9900, 45)",0.37911319732666016,0.02051520347595215,0.038031816482543945,0.001,81.0,"(500, 45)",False
27,200,,SVC,0.0,ovr,3,0.001,rbf,2018-02-02 14:18:08,-1,False,,True,79.9292929293,"(9900, 45)",0.21678376197814941,0.011909723281860352,0.013025999069213867,0.001,100.0,"(500, 45)",False
1,200,,SVC,0.0,ovr,3,0.0001,rbf,2018-02-02 14:18:08,-1,False,,True,63.1111111111,"(9900, 45)",0.37464046478271484,0.01953268051147461,0.037626028060913086,0.001,77.0,"(500, 45)",False
9,200,,SVC,0.0,ovr,3,0.001,rbf,2018-02-02 14:18:08,-1,False,,True,80.101010101,"(9900, 45)",0.23045778274536133,0.013379573822021484,0.013241767883300781,0.001,99.8,"(500, 45)",False
0.012345679012345678,200,,SVC,0.0,ovr,3,0.0001,rbf,2018-02-02 14:18:09,-1,False,,True,63.1111111111,"(9900, 45)",0.3744823932647705,0.020127296447753906,0.03756260871887207,0.001,77.0,"(500, 45)",False
0.3333333333333333,200,,SVC,0.0,ovr,3,0.001,rbf,2018-02-02 14:18:09,-1,False,,True,67.6363636364,"(9900, 45)",0.3773505687713623,0.019322633743286133,0.03525805473327637,0.001,84.8,"(500, 45)",False
0.1111111111111111,200,,SVC,0.0,ovr,3,0.0001,rbf,2018-02-02 14:18:10,-1,False,,True,63.1111111111,"(9900, 45)",0.37294697761535645,0.020112991333007812,0.03809499740600586,0.001,77.0,"(500, 45)",False
243,200,,SVC,0.0,ovr,3,0.001,rbf,2018-02-02 14:18:10,-1,False,,True,80.1515151515,"(9900, 45)",0.21520280838012695,0.011896371841430664,0.012786865234375,0.001,100.0,"(500, 45)",False
1,200,,SVC,0.0,ovr,3,0.001,rbf,2018-02-02 14:18:10,-1,False,,True,76.3838383838,"(9900, 45)",0.3550255298614502,0.020286083221435547,0.025447607040405273,0.001,93.8,"(500, 45)",False
0.00411522633744856,200,,SVC,0.0,ovr,3,0.001,rbf,2018-02-02 14:18:11,-1,False,,True,64.5050505051,"(9900, 45)",0.3843855857849121,0.02051091194152832,0.038477182388305664,0.001,81.0,"(500, 45)",False
0.3333333333333333,200,,SVC,0.0,ovr,3,0.0001,rbf,2018-02-02 14:18:11,-1,False,,True,63.1111111111,"(9900, 45)",0.3817110061645508,0.02003788948059082,0.03880143165588379,0.001,77.0,"(500, 45)",False
27,200,,SVC,0.0,ovr,3,0.0001,rbf,2018-02-02 14:18:11,-1,False,,True,78.8888888889,"(9900, 45)",0.30059194564819336,0.017591238021850586,0.018719911575317383,0.001,98.2,"(500, 45)",False
0.037037037037037035,200,,SVC,0.0,ovr,3,0.0001,rbf,2018-02-02 14:18:12,-1,False,,True,63.1111111111,"(9900, 45)",0.376542329788208,0.019636869430541992,0.03881525993347168,0.001,77.0,"(500, 45)",False
3.0,200,,SVC,0.0,ovr,3,0.01,rbf,2018-02-02 21:52:35,-1,False,,True,60.0,"(100, 45)",0.0039827823638916016,0.018552303314208984,0.06479072570800781,0.001,100.0,"(500, 45)",False
3.0,200,,SVC,0.0,ovr,3,0.01,rbf,2018-02-02 21:52:51,-1,False,,True,60.0,"(100, 45)",0.0038597583770751953,0.01822495460510254,0.06434392929077148,0.001,100.0,"(500, 45)",False
